No_Inicial,No_Final,Algoritmo,Funcao_Custo,Funcao_Heuristica,Custo_Caminho,Nos_Gerados,Nos_Visitados,Caminho_Encontrado,Farmacias
"(19, 20)","(10, 23)",Busca A* (Farmacia),custo_c1,heuristica_euclidiana,160,129,91,"[(19, 20), (19, 19), (18, 19), (17, 19), (17, 18), (16, 18), (15, 18), (14, 18), (13, 18), (12, 18), (11, 18), (10, 18), (10, 19), (10, 20), (10, 21), (10, 22), (10, 23)]","[(4, 5), (3, 1), (17, 18), (4, 14)]"
"(19, 20)","(10, 23)",Busca A* (Farmacia),custo_c1,heuristica_manhattan,160,50,18,"[(19, 20), (18, 20), (17, 20), (17, 19), (17, 18), (16, 18), (15, 18), (14, 18), (13, 18), (12, 18), (11, 18), (10, 18), (10, 19), (10, 20), (10, 21), (10, 22), (10, 23)]","[(4, 5), (3, 1), (17, 18), (4, 14)]"
"(19, 20)","(10, 23)",Busca A* (Farmacia),custo_c2,heuristica_euclidiana,205,220,156,"[(19, 20), (19, 19), (19, 18), (18, 18), (17, 18), (16, 18), (15, 18), (14, 18), (13, 18), (12, 18), (11, 18), (10, 18), (10, 19), (10, 20), (10, 21), (10, 22), (10, 23)]","[(4, 5), (3, 1), (17, 18), (4, 14)]"
"(19, 20)","(10, 23)",Busca A* (Farmacia),custo_c2,heuristica_manhattan,205,156,108,"[(19, 20), (19, 19), (19, 18), (18, 18), (17, 18), (16, 18), (15, 18), (15, 19), (14, 19), (13, 19), (12, 19), (11, 19), (10, 19), (10, 20), (10, 21), (10, 22), (10, 23)]","[(4, 5), (3, 1), (17, 18), (4, 14)]"
"(19, 20)","(10, 23)",Busca A* (Farmacia),custo_c3,heuristica_euclidiana,178,179,120,"[(19, 20), (18, 20), (18, 19), (17, 19), (17, 18), (17, 19), (17, 20), (17, 21), (17, 22), (17, 23), (16, 23), (15, 23), (14, 23), (13, 23), (12, 23), (11, 23), (10, 23)]","[(4, 5), (3, 1), (17, 18), (4, 14)]"
"(19, 20)","(10, 23)",Busca A* (Farmacia),custo_c3,heuristica_manhattan,181,94,39,"[(19, 20), (19, 19), (19, 18), (18, 18), (17, 18), (17, 19), (17, 20), (16, 20), (15, 20), (14, 20), (13, 20), (12, 20), (11, 20), (11, 21), (11, 22), (11, 23), (10, 23)]","[(4, 5), (3, 1), (17, 18), (4, 14)]"
"(19, 20)","(10, 23)",Busca A* (Farmacia),custo_c4,heuristica_euclidiana,142,76,33,"[(19, 20), (19, 19), (19, 18), (18, 18), (17, 18), (17, 19), (17, 20), (17, 21), (16, 21), (15, 21), (14, 21), (13, 21), (12, 21), (11, 21), (11, 22), (10, 22), (10, 23)]","[(4, 5), (3, 1), (17, 18), (4, 14)]"
"(19, 20)","(10, 23)",Busca A* (Farmacia),custo_c4,heuristica_manhattan,144,50,18,"[(19, 20), (19, 19), (19, 18), (18, 18), (17, 18), (17, 19), (17, 20), (17, 21), (17, 22), (16, 22), (15, 22), (14, 22), (13, 22), (12, 22), (11, 22), (10, 22), (10, 23)]","[(4, 5), (3, 1), (17, 18), (4, 14)]"
"(10, 18)","(6, 28)",Busca A* (Farmacia),custo_c1,heuristica_euclidiana,180,146,102,"[(10, 18), (9, 18), (8, 18), (7, 18), (6, 18), (5, 18), (4, 18), (4, 19), (4, 20), (4, 21), (4, 22), (4, 23), (5, 23), (6, 23), (6, 24), (6, 25), (6, 26), (6, 27), (6, 28)]","[(17, 29), (4, 23), (13, 9), (3, 3)]"
"(10, 18)","(6, 28)",Busca A* (Farmacia),custo_c1,heuristica_manhattan,180,77,39,"[(10, 18), (9, 18), (8, 18), (7, 18), (6, 18), (5, 18), (4, 18), (4, 19), (4, 20), (4, 21), (4, 22), (4, 23), (5, 23), (6, 23), (6, 24), (6, 25), (6, 26), (6, 27), (6, 28)]","[(17, 29), (4, 23), (13, 9), (3, 3)]"
"(10, 18)","(6, 28)",Busca A* (Farmacia),custo_c2,heuristica_euclidiana,220,205,137,"[(10, 18), (9, 18), (8, 18), (7, 18), (6, 18), (5, 18), (4, 18), (4, 19), (4, 20), (4, 21), (4, 22), (4, 23), (4, 24), (4, 25), (4, 26), (4, 27), (4, 28), (5, 28), (6, 28)]","[(17, 29), (4, 23), (13, 9), (3, 3)]"
"(10, 18)","(6, 28)",Busca A* (Farmacia),custo_c2,heuristica_manhattan,240,193,127,"[(10, 18), (9, 18), (8, 18), (8, 19), (7, 19), (6, 19), (5, 19), (4, 19), (4, 20), (4, 21), (4, 22), (4, 23), (4, 24), (4, 25), (4, 26), (4, 27), (4, 28), (4, 29), (5, 29), (6, 29), (6, 28)]","[(17, 29), (4, 23), (13, 9), (3, 3)]"
"(10, 18)","(6, 28)",Busca A* (Farmacia),custo_c3,heuristica_euclidiana,196,168,100,"[(10, 18), (9, 18), (8, 18), (8, 19), (8, 20), (8, 21), (8, 22), (7, 22), (6, 22), (5, 22), (4, 22), (4, 23), (4, 24), (4, 25), (4, 26), (4, 27), (4, 28), (5, 28), (6, 28)]","[(17, 29), (4, 23), (13, 9), (3, 3)]"
"(10, 18)","(6, 28)",Busca A* (Farmacia),custo_c3,heuristica_manhattan,200,106,43,"[(10, 18), (10, 19), (10, 20), (9, 20), (8, 20), (7, 20), (6, 20), (5, 20), (4, 20), (4, 21), (4, 22), (4, 23), (4, 24), (4, 25), (4, 26), (4, 27), (4, 28), (5, 28), (6, 28)]","[(17, 29), (4, 23), (13, 9), (3, 3)]"
"(10, 18)","(6, 28)",Busca A* (Farmacia),custo_c4,heuristica_euclidiana,175,86,39,"[(10, 18), (10, 19), (10, 20), (10, 21), (9, 21), (8, 21), (7, 21), (6, 21), (5, 21), (5, 22), (4, 22), (4, 23), (4, 24), (4, 25), (4, 26), (4, 27), (4, 28), (5, 28), (6, 28)]","[(17, 29), (4, 23), (13, 9), (3, 3)]"
"(10, 18)","(6, 28)",Busca A* (Farmacia),custo_c4,heuristica_manhattan,170,56,20,"[(10, 18), (10, 19), (10, 20), (10, 21), (10, 22), (9, 22), (8, 22), (7, 22), (6, 22), (5, 22), (4, 22), (4, 23), (4, 24), (4, 25), (4, 26), (4, 27), (4, 28), (5, 28), (6, 28)]","[(17, 29), (4, 23), (13, 9), (3, 3)]"
"(17, 3)","(14, 2)",Busca A* (Farmacia),custo_c1,heuristica_euclidiana,200,162,114,"[(17, 3), (16, 3), (15, 3), (14, 3), (13, 3), (12, 3), (11, 3), (11, 4), (11, 5), (11, 6), (11, 7), (11, 8), (11, 7), (11, 6), (11, 5), (11, 4), (11, 3), (11, 2), (12, 2), (13, 2), (14, 2)]","[(4, 0), (5, 15), (11, 8), (5, 22)]"
"(17, 3)","(14, 2)",Busca A* (Farmacia),custo_c1,heuristica_manhattan,200,74,28,"[(17, 3), (16, 3), (15, 3), (14, 3), (13, 3), (12, 3), (11, 3), (11, 4), (11, 5), (11, 6), (11, 7), (11, 8), (11, 7), (11, 6), (11, 5), (11, 4), (11, 3), (11, 2), (12, 2), (13, 2), (14, 2)]","[(4, 0), (5, 15), (11, 8), (5, 22)]"
"(17, 3)","(14, 2)",Busca A* (Farmacia),custo_c2,heuristica_euclidiana,245,224,152,"[(17, 3), (16, 3), (15, 3), (14, 3), (13, 3), (12, 3), (11, 3), (11, 4), (11, 5), (11, 6), (11, 7), (11, 8), (11, 7), (11, 6), (11, 5), (11, 4), (11, 3), (11, 2), (12, 2), (13, 2), (14, 2)]","[(4, 0), (5, 15), (11, 8), (5, 22)]"
"(17, 3)","(14, 2)",Busca A* (Farmacia),custo_c2,heuristica_manhattan,245,162,100,"[(17, 3), (16, 3), (15, 3), (15, 4), (14, 4), (13, 4), (12, 4), (11, 4), (11, 5), (11, 6), (11, 7), (11, 8), (11, 7), (11, 6), (11, 5), (11, 4), (11, 3), (11, 2), (12, 2), (13, 2), (14, 2)]","[(4, 0), (5, 15), (11, 8), (5, 22)]"
"(17, 3)","(14, 2)",Busca A* (Farmacia),custo_c3,heuristica_euclidiana,223,178,106,"[(17, 3), (16, 3), (15, 3), (15, 4), (15, 5), (15, 6), (15, 7), (14, 7), (13, 7), (12, 7), (11, 7), (11, 8), (11, 7), (11, 6), (11, 5), (11, 4), (11, 3), (11, 2), (12, 2), (13, 2), (14, 2)]","[(4, 0), (5, 15), (11, 8), (5, 22)]"
"(17, 3)","(14, 2)",Busca A* (Farmacia),custo_c3,heuristica_manhattan,227,108,42,"[(17, 3), (17, 4), (17, 5), (16, 5), (15, 5), (14, 5), (13, 5), (12, 5), (11, 5), (11, 6), (11, 7), (11, 8), (11, 7), (11, 6), (11, 5), (11, 4), (11, 3), (11, 2), (12, 2), (13, 2), (14, 2)]","[(4, 0), (5, 15), (11, 8), (5, 22)]"
"(17, 3)","(14, 2)",Busca A* (Farmacia),custo_c4,heuristica_euclidiana,200,92,42,"[(17, 3), (17, 4), (17, 5), (17, 6), (16, 6), (15, 6), (14, 6), (13, 6), (12, 6), (12, 7), (11, 7), (11, 8), (11, 7), (11, 6), (11, 5), (11, 4), (11, 3), (12, 3), (13, 3), (13, 2), (14, 2)]","[(4, 0), (5, 15), (11, 8), (5, 22)]"
"(17, 3)","(14, 2)",Busca A* (Farmacia),custo_c4,heuristica_manhattan,196,62,22,"[(17, 3), (17, 4), (17, 5), (17, 6), (17, 7), (16, 7), (15, 7), (14, 7), (13, 7), (12, 7), (11, 7), (11, 8), (11, 7), (11, 6), (11, 5), (11, 4), (11, 3), (12, 3), (12, 2), (13, 2), (14, 2)]","[(4, 0), (5, 15), (11, 8), (5, 22)]"
"(16, 4)","(8, 5)",Busca A* (Farmacia),custo_c1,heuristica_euclidiana,270,248,184,"[(16, 4), (15, 4), (14, 4), (14, 5), (14, 6), (14, 7), (14, 8), (14, 9), (14, 10), (14, 11), (14, 12), (14, 13), (14, 14), (14, 13), (14, 12), (14, 11), (14, 10), (14, 9), (14, 8), (14, 7), (14, 6), (13, 6), (12, 6), (11, 6), (10, 6), (9, 6), (8, 6), (8, 5)]","[(0, 17), (29, 19), (14, 14), (24, 28)]"
"(16, 4)","(8, 5)",Busca A* (Farmacia),custo_c1,heuristica_manhattan,270,83,29,"[(16, 4), (15, 4), (14, 4), (14, 5), (14, 6), (14, 7), (14, 8), (14, 9), (14, 10), (14, 11), (14, 12), (14, 13), (14, 14), (13, 14), (12, 14), (11, 14), (10, 14), (9, 14), (8, 14), (8, 13), (8, 12), (8, 11), (8, 10), (8, 9), (8, 8), (8, 7), (8, 6), (8, 5)]","[(0, 17), (29, 19), (14, 14), (24, 28)]"
"(16, 4)","(8, 5)",Busca A* (Farmacia),custo_c2,heuristica_euclidiana,310,312,209,"[(16, 4), (16, 5), (16, 6), (16, 7), (16, 8), (16, 9), (16, 10), (16, 11), (16, 12), (16, 13), (16, 14), (15, 14), (14, 14), (13, 14), (12, 14), (11, 14), (10, 14), (10, 13), (10, 12), (10, 11), (10, 10), (10, 9), (10, 8), (10, 7), (10, 6), (10, 5), (9, 5), (8, 5)]","[(0, 17), (29, 19), (14, 14), (24, 28)]"
"(16, 4)","(8, 5)",Busca A* (Farmacia),custo_c2,heuristica_manhattan,310,176,74,"[(16, 4), (15, 4), (14, 4), (14, 5), (14, 6), (14, 7), (14, 8), (14, 9), (14, 10), (14, 11), (14, 12), (14, 13), (14, 14), (14, 13), (14, 12), (14, 11), (14, 10), (14, 9), (14, 8), (14, 7), (14, 6), (14, 5), (13, 5), (12, 5), (11, 5), (10, 5), (9, 5), (8, 5)]","[(0, 17), (29, 19), (14, 14), (24, 28)]"
"(16, 4)","(8, 5)",Busca A* (Farmacia),custo_c3,heuristica_euclidiana,292,260,162,"[(16, 4), (16, 5), (16, 6), (16, 7), (16, 8), (16, 9), (16, 10), (16, 11), (16, 12), (16, 13), (16, 14), (15, 14), (14, 14), (13, 14), (12, 14), (12, 13), (12, 12), (12, 11), (11, 11), (10, 11), (9, 11), (9, 10), (9, 9), (9, 8), (9, 7), (9, 6), (9, 5), (8, 5)]","[(0, 17), (29, 19), (14, 14), (24, 28)]"
"(16, 4)","(8, 5)",Busca A* (Farmacia),custo_c3,heuristica_manhattan,292,154,68,"[(16, 4), (16, 5), (16, 6), (16, 7), (16, 8), (16, 9), (16, 10), (16, 11), (16, 12), (16, 13), (16, 14), (15, 14), (14, 14), (14, 13), (14, 12), (14, 11), (14, 10), (14, 9), (14, 8), (14, 7), (14, 6), (13, 6), (12, 6), (11, 6), (10, 6), (9, 6), (8, 6), (8, 5)]","[(0, 17), (29, 19), (14, 14), (24, 28)]"
"(16, 4)","(8, 5)",Busca A* (Farmacia),custo_c4,heuristica_euclidiana,268,101,39,"[(16, 4), (16, 5), (16, 6), (16, 7), (16, 8), (16, 9), (16, 10), (16, 11), (16, 12), (15, 12), (15, 13), (14, 13), (14, 14), (14, 13), (14, 12), (14, 11), (14, 10), (14, 9), (13, 9), (12, 9), (11, 9), (11, 8), (10, 8), (10, 7), (9, 7), (9, 6), (8, 6), (8, 5)]","[(0, 17), (29, 19), (14, 14), (24, 28)]"
"(16, 4)","(8, 5)",Busca A* (Farmacia),custo_c4,heuristica_manhattan,274,83,29,"[(16, 4), (16, 5), (16, 6), (16, 7), (16, 8), (15, 8), (14, 8), (14, 9), (14, 10), (14, 11), (14, 12), (14, 13), (14, 14), (14, 13), (14, 12), (14, 11), (14, 10), (13, 10), (12, 10), (11, 10), (10, 10), (9, 10), (8, 10), (8, 9), (8, 8), (8, 7), (8, 6), (8, 5)]","[(0, 17), (29, 19), (14, 14), (24, 28)]"
"(4, 4)","(15, 23)",Busca A* (Farmacia),custo_c1,heuristica_euclidiana,380,569,503,"[(4, 4), (3, 4), (2, 4), (1, 4), (0, 4), (0, 5), (0, 6), (0, 7), (0, 8), (0, 9), (0, 10), (0, 11), (0, 12), (1, 12), (2, 12), (3, 12), (4, 12), (5, 12), (6, 12), (7, 12), (8, 12), (9, 12), (10, 12), (11, 12), (12, 12), (13, 12), (14, 12), (15, 12), (15, 13), (15, 14), (15, 15), (15, 16), (15, 17), (15, 18), (15, 19), (15, 20), (15, 21), (15, 22), (15, 23)]","[(21, 4), (26, 2), (0, 12), (21, 21)]"
"(4, 4)","(15, 23)",Busca A* (Farmacia),custo_c1,heuristica_manhattan,380,427,369,"[(4, 4), (3, 4), (2, 4), (1, 4), (0, 4), (0, 5), (0, 6), (0, 7), (0, 8), (0, 9), (0, 10), (0, 11), (0, 12), (1, 12), (2, 12), (3, 12), (4, 12), (5, 12), (6, 12), (7, 12), (8, 12), (9, 12), (10, 12), (11, 12), (12, 12), (13, 12), (14, 12), (15, 12), (15, 13), (15, 14), (15, 15), (15, 16), (15, 17), (15, 18), (15, 19), (15, 20), (15, 21), (15, 22), (15, 23)]","[(21, 4), (26, 2), (0, 12), (21, 21)]"
"(4, 4)","(15, 23)",Busca A* (Farmacia),custo_c2,heuristica_euclidiana,475,732,605,"[(4, 4), (4, 5), (4, 6), (4, 7), (4, 8), (4, 9), (4, 10), (4, 11), (3, 11), (2, 11), (1, 11), (0, 11), (0, 12), (0, 13), (0, 14), (0, 15), (0, 16), (0, 17), (0, 18), (0, 19), (0, 20), (0, 21), (0, 22), (0, 23), (1, 23), (2, 23), (3, 23), (4, 23), (5, 23), (6, 23), (7, 23), (8, 23), (9, 23), (10, 23), (11, 23), (12, 23), (13, 23), (14, 23), (15, 23)]","[(21, 4), (26, 2), (0, 12), (21, 21)]"
"(4, 4)","(15, 23)",Busca A* (Farmacia),custo_c2,heuristica_manhattan,495,651,549,"[(4, 4), (3, 4), (2, 4), (2, 5), (1, 5), (0, 5), (0, 6), (0, 7), (0, 8), (0, 9), (0, 10), (0, 11), (0, 12), (0, 13), (0, 14), (0, 15), (0, 16), (0, 17), (0, 18), (0, 19), (0, 20), (0, 21), (0, 22), (0, 23), (0, 24), (1, 24), (2, 24), (3, 24), (4, 24), (5, 24), (6, 24), (7, 24), (8, 24), (9, 24), (10, 24), (11, 24), (12, 24), (13, 24), (14, 24), (15, 24), (15, 23)]","[(21, 4), (26, 2), (0, 12), (21, 21)]"
"(4, 4)","(15, 23)",Busca A* (Farmacia),custo_c3,heuristica_euclidiana,426,704,595,"[(4, 4), (4, 5), (4, 6), (4, 7), (4, 8), (4, 9), (4, 10), (4, 11), (3, 11), (2, 11), (1, 11), (0, 11), (0, 12), (0, 13), (0, 14), (0, 15), (0, 16), (0, 17), (0, 18), (0, 19), (0, 20), (0, 21), (1, 21), (2, 21), (3, 21), (4, 21), (5, 21), (6, 21), (7, 21), (8, 21), (9, 21), (10, 21), (11, 21), (12, 21), (13, 21), (14, 21), (15, 21), (15, 22), (15, 23)]","[(21, 4), (26, 2), (0, 12), (21, 21)]"
"(4, 4)","(15, 23)",Busca A* (Farmacia),custo_c3,heuristica_manhattan,434,463,299,"[(4, 4), (4, 5), (4, 6), (4, 7), (4, 8), (4, 9), (4, 10), (4, 11), (4, 12), (3, 12), (2, 12), (1, 12), (0, 12), (0, 13), (0, 14), (0, 15), (0, 16), (0, 17), (0, 18), (0, 19), (0, 20), (0, 21), (0, 22), (0, 23), (1, 23), (2, 23), (3, 23), (4, 23), (5, 23), (6, 23), (7, 23), (8, 23), (9, 23), (10, 23), (11, 23), (12, 23), (13, 23), (14, 23), (15, 23)]","[(21, 4), (26, 2), (0, 12), (21, 21)]"
"(4, 4)","(15, 23)",Busca A* (Farmacia),custo_c4,heuristica_euclidiana,371,379,267,"[(4, 4), (4, 5), (4, 6), (4, 7), (4, 8), (4, 9), (3, 9), (2, 9), (2, 10), (1, 10), (1, 11), (0, 11), (0, 12), (0, 13), (0, 14), (0, 15), (1, 15), (2, 15), (3, 15), (4, 15), (5, 15), (6, 15), (7, 15), (7, 16), (8, 16), (9, 16), (10, 16), (11, 16), (12, 16), (12, 17), (12, 18), (12, 19), (12, 20), (12, 21), (13, 21), (13, 22), (14, 22), (15, 22), (15, 23)]","[(21, 4), (26, 2), (0, 12), (21, 21)]"
"(4, 4)","(15, 23)",Busca A* (Farmacia),custo_c4,heuristica_manhattan,377,137,62,"[(4, 4), (4, 5), (4, 6), (4, 7), (4, 8), (3, 8), (2, 8), (1, 8), (0, 8), (0, 9), (0, 10), (0, 11), (0, 12), (0, 13), (0, 14), (0, 15), (0, 16), (0, 17), (1, 17), (1, 18), (2, 18), (2, 19), (3, 19), (3, 20), (4, 20), (4, 21), (5, 21), (6, 21), (7, 21), (8, 21), (9, 21), (9, 22), (9, 23), (10, 23), (11, 23), (12, 23), (13, 23), (14, 23), (15, 23)]","[(21, 4), (26, 2), (0, 12), (21, 21)]"
"(3, 20)","(0, 10)",Busca A* (Farmacia),custo_c1,heuristica_euclidiana,330,309,236,"[(3, 20), (3, 19), (3, 18), (3, 17), (3, 16), (3, 15), (3, 14), (3, 13), (3, 12), (3, 11), (3, 10), (3, 9), (3, 8), (3, 7), (3, 6), (3, 5), (3, 4), (3, 3), (4, 3), (5, 3), (6, 3), (5, 3), (4, 3), (3, 3), (2, 3), (1, 3), (0, 3), (0, 4), (0, 5), (0, 6), (0, 7), (0, 8), (0, 9), (0, 10)]","[(30, 19), (14, 5), (6, 3), (23, 21)]"
"(3, 20)","(0, 10)",Busca A* (Farmacia),custo_c1,heuristica_manhattan,330,128,52,"[(3, 20), (3, 19), (3, 18), (3, 17), (3, 16), (3, 15), (3, 14), (3, 13), (3, 12), (3, 11), (3, 10), (3, 9), (3, 8), (3, 7), (3, 6), (3, 5), (3, 4), (3, 3), (4, 3), (5, 3), (6, 3), (5, 3), (4, 3), (3, 3), (2, 3), (1, 3), (0, 3), (0, 4), (0, 5), (0, 6), (0, 7), (0, 8), (0, 9), (0, 10)]","[(30, 19), (14, 5), (6, 3), (23, 21)]"
"(3, 20)","(0, 10)",Busca A* (Farmacia),custo_c2,heuristica_euclidiana,375,356,236,"[(3, 20), (3, 19), (3, 18), (3, 17), (3, 16), (3, 15), (3, 14), (3, 13), (3, 12), (3, 11), (3, 10), (3, 9), (3, 8), (3, 7), (3, 6), (3, 5), (3, 4), (3, 3), (4, 3), (5, 3), (6, 3), (5, 3), (4, 3), (3, 3), (2, 3), (1, 3), (0, 3), (0, 4), (0, 5), (0, 6), (0, 7), (0, 8), (0, 9), (0, 10)]","[(30, 19), (14, 5), (6, 3), (23, 21)]"
"(3, 20)","(0, 10)",Busca A* (Farmacia),custo_c2,heuristica_manhattan,375,245,147,"[(3, 20), (3, 19), (3, 18), (3, 17), (3, 16), (3, 15), (3, 14), (3, 13), (3, 12), (3, 11), (3, 10), (3, 9), (3, 8), (3, 7), (3, 6), (3, 5), (3, 4), (3, 3), (4, 3), (5, 3), (6, 3), (5, 3), (4, 3), (4, 4), (3, 4), (2, 4), (1, 4), (0, 4), (0, 5), (0, 6), (0, 7), (0, 8), (0, 9), (0, 10)]","[(30, 19), (14, 5), (6, 3), (23, 21)]"
"(3, 20)","(0, 10)",Busca A* (Farmacia),custo_c3,heuristica_euclidiana,341,390,233,"[(3, 20), (3, 19), (3, 18), (3, 17), (3, 16), (3, 15), (3, 14), (3, 13), (3, 12), (3, 11), (3, 10), (3, 9), (3, 8), (3, 7), (4, 7), (5, 7), (6, 7), (6, 6), (6, 5), (6, 4), (6, 3), (5, 3), (4, 3), (3, 3), (3, 4), (3, 5), (2, 5), (1, 5), (0, 5), (0, 6), (0, 7), (0, 8), (0, 9), (0, 10)]","[(30, 19), (14, 5), (6, 3), (23, 21)]"
"(3, 20)","(0, 10)",Busca A* (Farmacia),custo_c3,heuristica_manhattan,348,246,116,"[(3, 20), (3, 19), (3, 18), (3, 17), (3, 16), (3, 15), (3, 14), (3, 13), (3, 12), (3, 11), (3, 10), (3, 9), (3, 8), (3, 7), (3, 6), (4, 6), (5, 6), (6, 6), (6, 5), (6, 4), (6, 3), (6, 4), (6, 5), (5, 5), (4, 5), (3, 5), (2, 5), (1, 5), (0, 5), (0, 6), (0, 7), (0, 8), (0, 9), (0, 10)]","[(30, 19), (14, 5), (6, 3), (23, 21)]"
"(3, 20)","(0, 10)",Busca A* (Farmacia),custo_c4,heuristica_euclidiana,322,169,76,"[(3, 20), (3, 19), (3, 18), (3, 17), (3, 16), (3, 15), (3, 14), (3, 13), (3, 12), (3, 11), (4, 11), (4, 10), (5, 10), (5, 9), (6, 9), (6, 8), (6, 7), (6, 6), (6, 5), (6, 4), (6, 3), (6, 4), (6, 5), (6, 6), (6, 7), (5, 7), (4, 7), (3, 7), (2, 7), (2, 8), (1, 8), (1, 9), (0, 9), (0, 10)]","[(30, 19), (14, 5), (6, 3), (23, 21)]"
"(3, 20)","(0, 10)",Busca A* (Farmacia),custo_c4,heuristica_manhattan,330,98,35,"[(3, 20), (3, 19), (3, 18), (3, 17), (3, 16), (3, 15), (4, 15), (4, 14), (5, 14), (5, 13), (6, 13), (6, 12), (6, 11), (6, 10), (6, 9), (6, 8), (6, 7), (6, 6), (6, 5), (6, 4), (6, 3), (6, 4), (6, 5), (6, 6), (6, 7), (5, 7), (4, 7), (3, 7), (2, 7), (1, 7), (0, 7), (0, 8), (0, 9), (0, 10)]","[(30, 19), (14, 5), (6, 3), (23, 21)]"
"(1, 17)","(27, 10)",Busca A* (Farmacia),custo_c1,heuristica_euclidiana,330,326,252,"[(1, 17), (1, 16), (1, 15), (1, 14), (1, 13), (2, 13), (3, 13), (4, 13), (5, 13), (6, 13), (7, 13), (8, 13), (8, 12), (8, 11), (8, 10), (9, 10), (10, 10), (11, 10), (12, 10), (13, 10), (14, 10), (15, 10), (16, 10), (17, 10), (18, 10), (19, 10), (20, 10), (21, 10), (22, 10), (23, 10), (24, 10), (25, 10), (26, 10), (27, 10)]","[(8, 13), (12, 5), (1, 7), (2, 29)]"
"(1, 17)","(27, 10)",Busca A* (Farmacia),custo_c1,heuristica_manhattan,330,115,42,"[(1, 17), (1, 16), (1, 15), (1, 14), (1, 13), (2, 13), (3, 13), (4, 13), (5, 13), (6, 13), (7, 13), (8, 13), (8, 12), (8, 11), (8, 10), (9, 10), (10, 10), (11, 10), (12, 10), (13, 10), (14, 10), (15, 10), (16, 10), (17, 10), (18, 10), (19, 10), (20, 10), (21, 10), (22, 10), (23, 10), (24, 10), (25, 10), (26, 10), (27, 10)]","[(8, 13), (12, 5), (1, 7), (2, 29)]"
"(1, 17)","(27, 10)",Busca A* (Farmacia),custo_c2,heuristica_euclidiana,460,724,581,"[(1, 17), (1, 16), (1, 15), (1, 14), (1, 13), (2, 13), (3, 13), (4, 13), (5, 13), (6, 13), (7, 13), (8, 13), (8, 12), (8, 11), (8, 10), (9, 10), (10, 10), (11, 10), (12, 10), (13, 10), (14, 10), (15, 10), (16, 10), (17, 10), (18, 10), (19, 10), (20, 10), (21, 10), (22, 10), (23, 10), (24, 10), (25, 10), (26, 10), (27, 10)]","[(8, 13), (12, 5), (1, 7), (2, 29)]"
"(1, 17)","(27, 10)",Busca A* (Farmacia),custo_c2,heuristica_manhattan,460,439,296,"[(1, 17), (1, 16), (1, 15), (1, 14), (1, 13), (2, 13), (3, 13), (4, 13), (5, 13), (6, 13), (7, 13), (8, 13), (8, 12), (8, 11), (8, 10), (9, 10), (10, 10), (11, 10), (12, 10), (13, 10), (14, 10), (15, 10), (16, 10), (17, 10), (18, 10), (19, 10), (20, 10), (21, 10), (22, 10), (23, 10), (24, 10), (25, 10), (26, 10), (27, 10)]","[(8, 13), (12, 5), (1, 7), (2, 29)]"
"(1, 17)","(27, 10)",Busca A* (Farmacia),custo_c3,heuristica_euclidiana,392,534,412,"[(1, 17), (2, 17), (3, 17), (4, 17), (5, 17), (6, 17), (7, 17), (8, 17), (8, 16), (8, 15), (8, 14), (8, 13), (8, 12), (8, 11), (8, 10), (9, 10), (10, 10), (11, 10), (12, 10), (13, 10), (14, 10), (15, 10), (16, 10), (17, 10), (18, 10), (19, 10), (20, 10), (21, 10), (22, 10), (23, 10), (24, 10), (25, 10), (26, 10), (27, 10)]","[(8, 13), (12, 5), (1, 7), (2, 29)]"
"(1, 17)","(27, 10)",Busca A* (Farmacia),custo_c3,heuristica_manhattan,391,260,146,"[(1, 17), (1, 16), (1, 15), (1, 14), (1, 13), (2, 13), (3, 13), (4, 13), (5, 13), (6, 13), (7, 13), (8, 13), (8, 12), (8, 11), (9, 11), (10, 11), (11, 11), (12, 11), (13, 11), (13, 10), (14, 10), (15, 10), (16, 10), (17, 10), (18, 10), (19, 10), (20, 10), (21, 10), (22, 10), (23, 10), (24, 10), (25, 10), (26, 10), (27, 10)]","[(8, 13), (12, 5), (1, 7), (2, 29)]"
"(1, 17)","(27, 10)",Busca A* (Farmacia),custo_c4,heuristica_euclidiana,318,265,156,"[(1, 17), (1, 16), (1, 15), (2, 15), (3, 15), (4, 15), (5, 15), (6, 15), (6, 14), (7, 14), (7, 13), (8, 13), (9, 13), (10, 13), (11, 13), (12, 13), (13, 13), (14, 13), (15, 13), (16, 13), (17, 13), (18, 13), (19, 13), (20, 13), (21, 13), (22, 13), (23, 13), (24, 13), (25, 13), (26, 13), (26, 12), (26, 11), (26, 10), (27, 10)]","[(8, 13), (12, 5), (1, 7), (2, 29)]"
"(1, 17)","(27, 10)",Busca A* (Farmacia),custo_c4,heuristica_manhattan,317,101,35,"[(1, 17), (1, 16), (1, 15), (1, 14), (1, 13), (2, 13), (3, 13), (4, 13), (5, 13), (6, 13), (7, 13), (8, 13), (8, 12), (8, 11), (8, 10), (9, 10), (10, 10), (11, 10), (12, 10), (13, 10), (14, 10), (15, 10), (16, 10), (17, 10), (18, 10), (19, 10), (20, 10), (21, 10), (22, 10), (23, 10), (24, 10), (25, 10), (26, 10), (27, 10)]","[(8, 13), (12, 5), (1, 7), (2, 29)]"
"(30, 2)","(16, 13)",Busca A* (Farmacia),custo_c1,heuristica_euclidiana,250,183,139,"[(30, 2), (29, 2), (28, 2), (27, 2), (26, 2), (25, 2), (25, 3), (25, 4), (25, 5), (25, 6), (25, 7), (25, 8), (25, 9), (25, 10), (25, 11), (24, 11), (23, 11), (22, 11), (21, 11), (20, 11), (19, 11), (18, 11), (17, 11), (16, 11), (16, 12), (16, 13)]","[(25, 11), (26, 22), (16, 24), (2, 26)]"
"(30, 2)","(16, 13)",Busca A* (Farmacia),custo_c1,heuristica_manhattan,250,76,27,"[(30, 2), (29, 2), (28, 2), (27, 2), (26, 2), (25, 2), (25, 3), (25, 4), (25, 5), (25, 6), (25, 7), (25, 8), (25, 9), (25, 10), (25, 11), (24, 11), (23, 11), (22, 11), (21, 11), (20, 11), (19, 11), (18, 11), (17, 11), (16, 11), (16, 12), (16, 13)]","[(25, 11), (26, 22), (16, 24), (2, 26)]"
"(30, 2)","(16, 13)",Busca A* (Farmacia),custo_c2,heuristica_euclidiana,320,327,251,"[(30, 2), (29, 2), (28, 2), (27, 2), (26, 2), (25, 2), (25, 3), (25, 4), (25, 5), (25, 6), (25, 7), (25, 8), (25, 9), (25, 10), (25, 11), (24, 11), (23, 11), (22, 11), (21, 11), (20, 11), (19, 11), (18, 11), (17, 11), (16, 11), (16, 12), (16, 13)]","[(25, 11), (26, 22), (16, 24), (2, 26)]"
"(30, 2)","(16, 13)",Busca A* (Farmacia),custo_c2,heuristica_manhattan,320,253,175,"[(30, 2), (29, 2), (28, 2), (28, 3), (27, 3), (26, 3), (25, 3), (25, 4), (25, 5), (25, 6), (25, 7), (25, 8), (25, 9), (25, 10), (25, 11), (24, 11), (23, 11), (23, 12), (22, 12), (21, 12), (20, 12), (19, 12), (18, 12), (17, 12), (16, 12), (16, 13)]","[(25, 11), (26, 22), (16, 24), (2, 26)]"
"(30, 2)","(16, 13)",Busca A* (Farmacia),custo_c3,heuristica_euclidiana,286,250,176,"[(30, 2), (30, 3), (30, 4), (30, 5), (30, 6), (30, 7), (30, 8), (30, 9), (30, 10), (30, 11), (29, 11), (28, 11), (27, 11), (26, 11), (25, 11), (25, 12), (24, 12), (23, 12), (22, 12), (21, 12), (20, 12), (19, 12), (18, 12), (17, 12), (16, 12), (16, 13)]","[(25, 11), (26, 22), (16, 24), (2, 26)]"
"(30, 2)","(16, 13)",Busca A* (Farmacia),custo_c3,heuristica_manhattan,289,137,63,"[(30, 2), (30, 3), (30, 4), (30, 5), (30, 6), (30, 7), (30, 8), (30, 9), (30, 10), (30, 11), (29, 11), (28, 11), (27, 11), (26, 11), (25, 11), (25, 12), (25, 13), (24, 13), (23, 13), (22, 13), (21, 13), (20, 13), (19, 13), (18, 13), (17, 13), (16, 13)]","[(25, 11), (26, 22), (16, 24), (2, 26)]"
"(30, 2)","(16, 13)",Busca A* (Farmacia),custo_c4,heuristica_euclidiana,241,91,37,"[(30, 2), (30, 3), (30, 4), (30, 5), (30, 6), (30, 7), (29, 7), (28, 7), (28, 8), (27, 8), (27, 9), (26, 9), (26, 10), (25, 10), (25, 11), (24, 11), (23, 11), (22, 11), (21, 11), (20, 11), (19, 11), (18, 11), (17, 11), (17, 12), (16, 12), (16, 13)]","[(25, 11), (26, 22), (16, 24), (2, 26)]"
"(30, 2)","(16, 13)",Busca A* (Farmacia),custo_c4,heuristica_manhattan,239,72,27,"[(30, 2), (30, 3), (30, 4), (30, 5), (30, 6), (29, 6), (28, 6), (27, 6), (26, 6), (25, 6), (25, 7), (25, 8), (25, 9), (25, 10), (25, 11), (25, 12), (25, 13), (24, 13), (23, 13), (22, 13), (21, 13), (20, 13), (19, 13), (18, 13), (17, 13), (16, 13)]","[(25, 11), (26, 22), (16, 24), (2, 26)]"
"(18, 17)","(23, 4)",Busca A* (Farmacia),custo_c1,heuristica_euclidiana,220,189,135,"[(18, 17), (18, 16), (18, 15), (18, 14), (18, 13), (18, 12), (18, 11), (17, 11), (16, 11), (16, 10), (16, 9), (16, 8), (16, 7), (16, 6), (16, 5), (16, 4), (17, 4), (18, 4), (19, 4), (20, 4), (21, 4), (22, 4), (23, 4)]","[(12, 16), (16, 10), (13, 2), (22, 27)]"
"(18, 17)","(23, 4)",Busca A* (Farmacia),custo_c1,heuristica_manhattan,220,80,30,"[(18, 17), (17, 17), (16, 17), (16, 16), (16, 15), (16, 14), (16, 13), (16, 12), (16, 11), (16, 10), (16, 9), (16, 8), (16, 7), (16, 6), (16, 5), (16, 4), (17, 4), (18, 4), (19, 4), (20, 4), (21, 4), (22, 4), (23, 4)]","[(12, 16), (16, 10), (13, 2), (22, 27)]"
"(18, 17)","(23, 4)",Busca A* (Farmacia),custo_c2,heuristica_euclidiana,265,289,198,"[(18, 17), (18, 16), (18, 15), (18, 14), (18, 13), (18, 12), (18, 11), (18, 10), (17, 10), (16, 10), (16, 9), (16, 8), (16, 7), (16, 6), (17, 6), (18, 6), (19, 6), (20, 6), (21, 6), (22, 6), (23, 6), (23, 5), (23, 4)]","[(12, 16), (16, 10), (13, 2), (22, 27)]"
"(18, 17)","(23, 4)",Busca A* (Farmacia),custo_c2,heuristica_manhattan,265,144,63,"[(18, 17), (18, 16), (18, 15), (18, 14), (18, 13), (18, 12), (18, 11), (18, 10), (17, 10), (16, 10), (16, 9), (16, 8), (16, 7), (16, 6), (16, 5), (16, 4), (17, 4), (18, 4), (19, 4), (20, 4), (21, 4), (22, 4), (23, 4)]","[(12, 16), (16, 10), (13, 2), (22, 27)]"
"(18, 17)","(23, 4)",Busca A* (Farmacia),custo_c3,heuristica_euclidiana,237,215,145,"[(18, 17), (18, 16), (18, 15), (18, 14), (18, 13), (18, 12), (18, 11), (18, 10), (17, 10), (16, 10), (16, 9), (16, 8), (16, 7), (16, 6), (16, 5), (16, 4), (17, 4), (18, 4), (19, 4), (20, 4), (21, 4), (22, 4), (23, 4)]","[(12, 16), (16, 10), (13, 2), (22, 27)]"
"(18, 17)","(23, 4)",Busca A* (Farmacia),custo_c3,heuristica_manhattan,237,123,52,"[(18, 17), (18, 16), (18, 15), (18, 14), (18, 13), (18, 12), (18, 11), (18, 10), (17, 10), (16, 10), (16, 9), (16, 8), (16, 7), (16, 6), (16, 5), (16, 4), (17, 4), (18, 4), (19, 4), (20, 4), (21, 4), (22, 4), (23, 4)]","[(12, 16), (16, 10), (13, 2), (22, 27)]"
"(18, 17)","(23, 4)",Busca A* (Farmacia),custo_c4,heuristica_euclidiana,218,94,38,"[(18, 17), (18, 16), (18, 15), (18, 14), (18, 13), (18, 12), (17, 12), (17, 11), (16, 11), (16, 10), (16, 9), (16, 8), (16, 7), (17, 7), (18, 7), (19, 7), (20, 7), (20, 6), (21, 6), (21, 5), (22, 5), (22, 4), (23, 4)]","[(12, 16), (16, 10), (13, 2), (22, 27)]"
"(18, 17)","(23, 4)",Busca A* (Farmacia),custo_c4,heuristica_manhattan,224,68,24,"[(18, 17), (18, 16), (18, 15), (18, 14), (18, 13), (17, 13), (16, 13), (16, 12), (16, 11), (16, 10), (16, 9), (16, 8), (16, 7), (16, 6), (16, 5), (17, 5), (17, 4), (18, 4), (19, 4), (20, 4), (21, 4), (22, 4), (23, 4)]","[(12, 16), (16, 10), (13, 2), (22, 27)]"
"(21, 8)","(9, 29)",Busca A* (Farmacia),custo_c1,heuristica_euclidiana,330,396,320,"[(21, 8), (20, 8), (19, 8), (18, 8), (17, 8), (16, 8), (16, 9), (16, 10), (16, 11), (16, 12), (16, 13), (16, 14), (16, 15), (16, 16), (16, 17), (16, 18), (16, 19), (16, 20), (16, 21), (16, 22), (16, 23), (16, 24), (16, 25), (16, 26), (16, 27), (16, 28), (16, 29), (15, 29), (14, 29), (13, 29), (12, 29), (11, 29), (10, 29), (9, 29)]","[(16, 29), (15, 15), (9, 6), (7, 6)]"
"(21, 8)","(9, 29)",Busca A* (Farmacia),custo_c1,heuristica_manhattan,330,101,35,"[(21, 8), (20, 8), (19, 8), (18, 8), (17, 8), (16, 8), (16, 9), (16, 10), (16, 11), (16, 12), (16, 13), (16, 14), (16, 15), (16, 16), (16, 17), (16, 18), (16, 19), (16, 20), (16, 21), (16, 22), (16, 23), (16, 24), (16, 25), (16, 26), (16, 27), (16, 28), (16, 29), (15, 29), (14, 29), (13, 29), (12, 29), (11, 29), (10, 29), (9, 29)]","[(16, 29), (15, 15), (9, 6), (7, 6)]"
"(21, 8)","(9, 29)",Busca A* (Farmacia),custo_c2,heuristica_euclidiana,390,457,337,"[(21, 8), (20, 8), (19, 8), (18, 8), (17, 8), (16, 8), (16, 9), (16, 10), (16, 11), (16, 12), (16, 13), (16, 14), (16, 15), (16, 16), (16, 17), (16, 18), (16, 19), (16, 20), (16, 21), (16, 22), (16, 23), (16, 24), (16, 25), (16, 26), (16, 27), (16, 28), (16, 29), (15, 29), (14, 29), (13, 29), (12, 29), (11, 29), (10, 29), (9, 29)]","[(16, 29), (15, 15), (9, 6), (7, 6)]"
"(21, 8)","(9, 29)",Busca A* (Farmacia),custo_c2,heuristica_manhattan,390,394,244,"[(21, 8), (20, 8), (19, 8), (19, 9), (18, 9), (17, 9), (16, 9), (16, 10), (16, 11), (16, 12), (16, 13), (16, 14), (16, 15), (16, 16), (16, 17), (16, 18), (16, 19), (16, 20), (16, 21), (16, 22), (16, 23), (16, 24), (16, 25), (16, 26), (16, 27), (16, 28), (16, 29), (15, 29), (14, 29), (13, 29), (12, 29), (11, 29), (10, 29), (9, 29)]","[(16, 29), (15, 15), (9, 6), (7, 6)]"
"(21, 8)","(9, 29)",Busca A* (Farmacia),custo_c3,heuristica_euclidiana,348,389,241,"[(21, 8), (21, 9), (21, 10), (21, 11), (21, 12), (21, 13), (21, 14), (21, 15), (21, 16), (21, 17), (21, 18), (21, 19), (21, 20), (21, 21), (20, 21), (19, 21), (18, 21), (18, 22), (18, 23), (18, 24), (18, 25), (17, 25), (16, 25), (16, 26), (16, 27), (16, 28), (16, 29), (15, 29), (14, 29), (13, 29), (12, 29), (11, 29), (10, 29), (9, 29)]","[(16, 29), (15, 15), (9, 6), (7, 6)]"
"(21, 8)","(9, 29)",Busca A* (Farmacia),custo_c3,heuristica_manhattan,351,195,100,"[(21, 8), (21, 9), (21, 10), (21, 11), (21, 12), (21, 13), (21, 14), (21, 15), (21, 16), (21, 17), (21, 18), (21, 19), (21, 20), (21, 21), (21, 22), (21, 23), (20, 23), (19, 23), (19, 24), (19, 25), (19, 26), (18, 26), (17, 26), (16, 26), (16, 27), (16, 28), (16, 29), (15, 29), (14, 29), (13, 29), (12, 29), (11, 29), (10, 29), (9, 29)]","[(16, 29), (15, 15), (9, 6), (7, 6)]"
"(21, 8)","(9, 29)",Busca A* (Farmacia),custo_c4,heuristica_euclidiana,316,198,101,"[(21, 8), (21, 9), (21, 10), (21, 11), (21, 12), (20, 12), (19, 12), (18, 12), (17, 12), (17, 13), (16, 13), (16, 14), (15, 14), (15, 15), (15, 16), (15, 17), (15, 18), (15, 19), (14, 19), (14, 20), (14, 21), (14, 22), (13, 22), (13, 23), (12, 23), (12, 24), (11, 24), (10, 24), (9, 24), (9, 25), (9, 26), (9, 27), (9, 28), (9, 29)]","[(16, 29), (15, 15), (9, 6), (7, 6)]"
"(21, 8)","(9, 29)",Busca A* (Farmacia),custo_c4,heuristica_manhattan,315,101,35,"[(21, 8), (21, 9), (21, 10), (21, 11), (21, 12), (20, 12), (19, 12), (18, 12), (17, 12), (16, 12), (15, 12), (15, 13), (15, 14), (15, 15), (15, 16), (15, 17), (15, 18), (15, 19), (14, 19), (13, 19), (12, 19), (11, 19), (10, 19), (9, 19), (9, 20), (9, 21), (9, 22), (9, 23), (9, 24), (9, 25), (9, 26), (9, 27), (9, 28), (9, 29)]","[(16, 29), (15, 15), (9, 6), (7, 6)]"
"(19, 26)","(0, 27)",Busca A* (Farmacia),custo_c1,heuristica_euclidiana,260,233,175,"[(19, 26), (19, 25), (19, 24), (18, 24), (17, 24), (16, 24), (15, 24), (15, 23), (14, 23), (13, 23), (12, 23), (11, 23), (10, 23), (9, 23), (8, 23), (7, 23), (6, 23), (5, 23), (4, 23), (3, 23), (2, 23), (1, 23), (0, 23), (0, 24), (0, 25), (0, 26), (0, 27)]","[(19, 8), (15, 23), (18, 20), (22, 8)]"
"(19, 26)","(0, 27)",Busca A* (Farmacia),custo_c1,heuristica_manhattan,260,76,28,"[(19, 26), (18, 26), (17, 26), (16, 26), (15, 26), (15, 25), (15, 24), (15, 23), (14, 23), (13, 23), (12, 23), (11, 23), (10, 23), (9, 23), (8, 23), (7, 23), (6, 23), (5, 23), (4, 23), (3, 23), (2, 23), (1, 23), (0, 23), (0, 24), (0, 25), (0, 26), (0, 27)]","[(19, 8), (15, 23), (18, 20), (22, 8)]"
"(19, 26)","(0, 27)",Busca A* (Farmacia),custo_c2,heuristica_euclidiana,355,493,399,"[(19, 26), (19, 25), (19, 24), (19, 23), (18, 23), (17, 23), (16, 23), (15, 23), (14, 23), (13, 23), (12, 23), (11, 23), (10, 23), (9, 23), (8, 23), (7, 23), (6, 23), (5, 23), (4, 23), (3, 23), (2, 23), (1, 23), (0, 23), (0, 24), (0, 25), (0, 26), (0, 27)]","[(19, 8), (15, 23), (18, 20), (22, 8)]"
"(19, 26)","(0, 27)",Busca A* (Farmacia),custo_c2,heuristica_manhattan,355,336,262,"[(19, 26), (19, 25), (19, 24), (19, 23), (18, 23), (17, 23), (16, 23), (15, 23), (14, 23), (13, 23), (13, 24), (12, 24), (11, 24), (10, 24), (9, 24), (8, 24), (7, 24), (6, 24), (5, 24), (4, 24), (3, 24), (2, 24), (1, 24), (0, 24), (0, 25), (0, 26), (0, 27)]","[(19, 8), (15, 23), (18, 20), (22, 8)]"
"(19, 26)","(0, 27)",Busca A* (Farmacia),custo_c3,heuristica_euclidiana,297,373,288,"[(19, 26), (18, 26), (17, 26), (16, 26), (16, 25), (16, 24), (16, 23), (15, 23), (14, 23), (13, 23), (12, 23), (11, 23), (10, 23), (9, 23), (8, 23), (7, 23), (6, 23), (5, 23), (4, 23), (3, 23), (2, 23), (1, 23), (0, 23), (0, 24), (0, 25), (0, 26), (0, 27)]","[(19, 8), (15, 23), (18, 20), (22, 8)]"
"(19, 26)","(0, 27)",Busca A* (Farmacia),custo_c3,heuristica_manhattan,316,206,112,"[(19, 26), (19, 25), (19, 24), (19, 23), (18, 23), (17, 23), (16, 23), (15, 23), (15, 24), (15, 25), (14, 25), (13, 25), (12, 25), (11, 25), (10, 25), (9, 25), (9, 26), (9, 27), (8, 27), (7, 27), (6, 27), (5, 27), (4, 27), (3, 27), (2, 27), (1, 27), (0, 27)]","[(19, 8), (15, 23), (18, 20), (22, 8)]"
"(19, 26)","(0, 27)",Busca A* (Farmacia),custo_c4,heuristica_euclidiana,242,204,115,"[(19, 26), (19, 25), (19, 24), (19, 23), (18, 23), (17, 23), (16, 23), (15, 23), (14, 23), (13, 23), (12, 23), (11, 23), (10, 23), (9, 23), (8, 23), (7, 23), (6, 23), (5, 23), (4, 23), (3, 23), (2, 23), (1, 23), (0, 23), (0, 24), (0, 25), (0, 26), (0, 27)]","[(19, 8), (15, 23), (18, 20), (22, 8)]"
"(19, 26)","(0, 27)",Busca A* (Farmacia),custo_c4,heuristica_manhattan,252,80,28,"[(19, 26), (19, 25), (19, 24), (19, 23), (18, 23), (17, 23), (16, 23), (15, 23), (15, 24), (15, 25), (15, 26), (15, 27), (14, 27), (13, 27), (12, 27), (11, 27), (10, 27), (9, 27), (8, 27), (7, 27), (6, 27), (5, 27), (4, 27), (3, 27), (2, 27), (1, 27), (0, 27)]","[(19, 8), (15, 23), (18, 20), (22, 8)]"
"(9, 27)","(4, 28)",Busca A* (Farmacia),custo_c1,heuristica_euclidiana,140,51,23,"[(9, 27), (8, 27), (7, 27), (6, 27), (5, 27), (4, 27), (3, 27), (2, 27), (1, 27), (0, 27), (1, 27), (2, 27), (3, 27), (4, 27), (4, 28)]","[(0, 27), (13, 17), (14, 26), (23, 24)]"
"(9, 27)","(4, 28)",Busca A* (Farmacia),custo_c1,heuristica_manhattan,140,51,23,"[(9, 27), (8, 27), (7, 27), (6, 27), (5, 27), (4, 27), (3, 27), (2, 27), (1, 27), (0, 27), (1, 27), (2, 27), (3, 27), (4, 27), (4, 28)]","[(0, 27), (13, 17), (14, 26), (23, 24)]"
"(9, 27)","(4, 28)",Busca A* (Farmacia),custo_c2,heuristica_euclidiana,205,130,79,"[(9, 27), (8, 27), (7, 27), (6, 27), (5, 27), (4, 27), (3, 27), (2, 27), (1, 27), (0, 27), (1, 27), (2, 27), (3, 27), (4, 27), (4, 28)]","[(0, 27), (13, 17), (14, 26), (23, 24)]"
"(9, 27)","(4, 28)",Busca A* (Farmacia),custo_c2,heuristica_manhattan,205,90,46,"[(9, 27), (8, 27), (7, 27), (6, 27), (5, 27), (4, 27), (3, 27), (2, 27), (1, 27), (0, 27), (1, 27), (2, 27), (3, 27), (4, 27), (4, 28)]","[(0, 27), (13, 17), (14, 26), (23, 24)]"
"(9, 27)","(4, 28)",Busca A* (Farmacia),custo_c3,heuristica_euclidiana,172,75,39,"[(9, 27), (8, 27), (7, 27), (6, 27), (5, 27), (4, 27), (3, 27), (2, 27), (1, 27), (0, 27), (1, 27), (2, 27), (3, 27), (4, 27), (4, 28)]","[(0, 27), (13, 17), (14, 26), (23, 24)]"
"(9, 27)","(4, 28)",Busca A* (Farmacia),custo_c3,heuristica_manhattan,168,44,17,"[(9, 27), (8, 27), (7, 27), (6, 27), (5, 27), (4, 27), (3, 27), (2, 27), (1, 27), (0, 27), (0, 28), (1, 28), (2, 28), (3, 28), (4, 28)]","[(0, 27), (13, 17), (14, 26), (23, 24)]"
"(9, 27)","(4, 28)",Busca A* (Farmacia),custo_c4,heuristica_euclidiana,130,50,20,"[(9, 27), (8, 27), (7, 27), (6, 27), (5, 27), (4, 27), (3, 27), (2, 27), (1, 27), (0, 27), (0, 28), (1, 28), (2, 28), (3, 28), (4, 28)]","[(0, 27), (13, 17), (14, 26), (23, 24)]"
"(9, 27)","(4, 28)",Busca A* (Farmacia),custo_c4,heuristica_manhattan,130,44,17,"[(9, 27), (8, 27), (7, 27), (6, 27), (5, 27), (4, 27), (3, 27), (2, 27), (1, 27), (0, 27), (0, 28), (1, 28), (2, 28), (3, 28), (4, 28)]","[(0, 27), (13, 17), (14, 26), (23, 24)]"
"(19, 13)","(7, 1)",Busca A* (Farmacia),custo_c1,heuristica_euclidiana,240,220,160,"[(19, 13), (19, 12), (19, 11), (19, 10), (19, 9), (19, 8), (18, 8), (17, 8), (16, 8), (16, 7), (16, 6), (16, 5), (16, 4), (16, 3), (16, 2), (15, 2), (14, 2), (13, 2), (12, 2), (11, 2), (10, 2), (9, 2), (8, 2), (7, 2), (7, 1)]","[(16, 7), (18, 1), (20, 9), (10, 23)]"
"(19, 13)","(7, 1)",Busca A* (Farmacia),custo_c1,heuristica_manhattan,240,74,26,"[(19, 13), (18, 13), (17, 13), (16, 13), (16, 12), (16, 11), (16, 10), (16, 9), (16, 8), (16, 7), (15, 7), (14, 7), (13, 7), (12, 7), (11, 7), (10, 7), (9, 7), (8, 7), (7, 7), (7, 6), (7, 5), (7, 4), (7, 3), (7, 2), (7, 1)]","[(16, 7), (18, 1), (20, 9), (10, 23)]"
"(19, 13)","(7, 1)",Busca A* (Farmacia),custo_c2,heuristica_euclidiana,300,337,252,"[(19, 13), (18, 13), (17, 13), (17, 12), (17, 11), (17, 10), (17, 9), (17, 8), (17, 7), (16, 7), (15, 7), (14, 7), (13, 7), (12, 7), (11, 7), (11, 6), (11, 5), (11, 4), (11, 3), (11, 2), (10, 2), (10, 1), (9, 1), (8, 1), (7, 1)]","[(16, 7), (18, 1), (20, 9), (10, 23)]"
"(19, 13)","(7, 1)",Busca A* (Farmacia),custo_c2,heuristica_manhattan,300,162,76,"[(19, 13), (19, 12), (19, 11), (19, 10), (19, 9), (19, 8), (19, 7), (18, 7), (17, 7), (16, 7), (16, 6), (16, 5), (16, 4), (16, 3), (16, 2), (16, 1), (15, 1), (14, 1), (13, 1), (12, 1), (11, 1), (10, 1), (9, 1), (8, 1), (7, 1)]","[(16, 7), (18, 1), (20, 9), (10, 23)]"
"(19, 13)","(7, 1)",Busca A* (Farmacia),custo_c3,heuristica_euclidiana,264,267,189,"[(19, 13), (19, 12), (19, 11), (19, 10), (19, 9), (19, 8), (19, 7), (18, 7), (17, 7), (16, 7), (16, 6), (16, 5), (16, 4), (16, 3), (16, 2), (16, 1), (15, 1), (14, 1), (13, 1), (12, 1), (11, 1), (10, 1), (9, 1), (8, 1), (7, 1)]","[(16, 7), (18, 1), (20, 9), (10, 23)]"
"(19, 13)","(7, 1)",Busca A* (Farmacia),custo_c3,heuristica_manhattan,264,127,49,"[(19, 13), (19, 12), (19, 11), (19, 10), (19, 9), (19, 8), (19, 7), (18, 7), (17, 7), (16, 7), (16, 6), (16, 5), (16, 4), (16, 3), (16, 2), (16, 1), (15, 1), (14, 1), (13, 1), (12, 1), (11, 1), (10, 1), (9, 1), (8, 1), (7, 1)]","[(16, 7), (18, 1), (20, 9), (10, 23)]"
"(19, 13)","(7, 1)",Busca A* (Farmacia),custo_c4,heuristica_euclidiana,227,117,51,"[(19, 13), (19, 12), (19, 11), (19, 10), (19, 9), (19, 8), (18, 8), (17, 8), (16, 8), (16, 7), (16, 6), (16, 5), (15, 5), (14, 5), (13, 5), (12, 5), (11, 5), (10, 5), (10, 4), (9, 4), (9, 3), (8, 3), (8, 2), (7, 2), (7, 1)]","[(16, 7), (18, 1), (20, 9), (10, 23)]"
"(19, 13)","(7, 1)",Busca A* (Farmacia),custo_c4,heuristica_manhattan,240,74,26,"[(19, 13), (19, 12), (19, 11), (19, 10), (19, 9), (18, 9), (18, 8), (18, 7), (18, 6), (18, 5), (18, 4), (18, 3), (18, 2), (18, 1), (17, 1), (16, 1), (15, 1), (14, 1), (13, 1), (12, 1), (11, 1), (10, 1), (9, 1), (8, 1), (7, 1)]","[(16, 7), (18, 1), (20, 9), (10, 23)]"
"(28, 10)","(13, 23)",Busca A* (Farmacia),custo_c1,heuristica_euclidiana,360,243,165,"[(28, 10), (28, 9), (28, 8), (28, 7), (27, 7), (26, 7), (25, 7), (24, 7), (23, 7), (22, 7), (21, 7), (20, 7), (19, 7), (18, 7), (17, 7), (16, 7), (15, 7), (14, 7), (13, 7), (13, 6), (13, 7), (13, 8), (13, 9), (13, 10), (13, 11), (13, 12), (13, 13), (13, 14), (13, 15), (13, 16), (13, 17), (13, 18), (13, 19), (13, 20), (13, 21), (13, 22), (13, 23)]","[(7, 20), (13, 6), (23, 29), (29, 28)]"
"(28, 10)","(13, 23)",Busca A* (Farmacia),custo_c1,heuristica_manhattan,360,110,38,"[(28, 10), (27, 10), (26, 10), (25, 10), (24, 10), (23, 10), (22, 10), (21, 10), (20, 10), (19, 10), (18, 10), (17, 10), (16, 10), (15, 10), (14, 10), (13, 10), (13, 9), (13, 8), (13, 7), (13, 6), (13, 7), (13, 8), (13, 9), (13, 10), (13, 11), (13, 12), (13, 13), (13, 14), (13, 15), (13, 16), (13, 17), (13, 18), (13, 19), (13, 20), (13, 21), (13, 22), (13, 23)]","[(7, 20), (13, 6), (23, 29), (29, 28)]"
"(28, 10)","(13, 23)",Busca A* (Farmacia),custo_c2,heuristica_euclidiana,435,494,385,"[(28, 10), (27, 10), (26, 10), (25, 10), (24, 10), (23, 10), (22, 10), (21, 10), (20, 10), (19, 10), (19, 9), (18, 9), (17, 9), (17, 8), (17, 7), (16, 7), (16, 6), (15, 6), (14, 6), (13, 6), (13, 7), (13, 8), (13, 9), (13, 10), (13, 11), (13, 12), (13, 13), (13, 14), (13, 15), (13, 16), (13, 17), (13, 18), (13, 19), (13, 20), (13, 21), (13, 22), (13, 23)]","[(7, 20), (13, 6), (23, 29), (29, 28)]"
"(28, 10)","(13, 23)",Busca A* (Farmacia),custo_c2,heuristica_manhattan,435,282,157,"[(28, 10), (28, 9), (28, 8), (28, 7), (28, 6), (27, 6), (26, 6), (25, 6), (24, 6), (23, 6), (22, 6), (21, 6), (20, 6), (19, 6), (18, 6), (17, 6), (16, 6), (15, 6), (14, 6), (13, 6), (13, 7), (13, 8), (13, 9), (13, 10), (13, 11), (13, 12), (13, 13), (13, 14), (13, 15), (13, 16), (13, 17), (13, 18), (13, 19), (13, 20), (13, 21), (13, 22), (13, 23)]","[(7, 20), (13, 6), (23, 29), (29, 28)]"
"(28, 10)","(13, 23)",Busca A* (Farmacia),custo_c3,heuristica_euclidiana,393,368,270,"[(28, 10), (27, 10), (26, 10), (25, 10), (24, 10), (23, 10), (22, 10), (21, 10), (20, 10), (19, 10), (18, 10), (17, 10), (16, 10), (15, 10), (14, 10), (13, 10), (13, 9), (13, 8), (13, 7), (13, 6), (13, 7), (13, 8), (13, 9), (13, 10), (13, 11), (13, 12), (13, 13), (13, 14), (13, 15), (13, 16), (13, 17), (13, 18), (13, 19), (13, 20), (13, 21), (13, 22), (13, 23)]","[(7, 20), (13, 6), (23, 29), (29, 28)]"
"(28, 10)","(13, 23)",Busca A* (Farmacia),custo_c3,heuristica_manhattan,395,224,112,"[(28, 10), (28, 9), (28, 8), (28, 7), (28, 6), (27, 6), (26, 6), (25, 6), (24, 6), (23, 6), (22, 6), (21, 6), (20, 6), (19, 6), (18, 6), (17, 6), (16, 6), (15, 6), (14, 6), (13, 6), (13, 7), (13, 8), (13, 9), (13, 10), (13, 11), (13, 12), (13, 13), (13, 14), (13, 15), (13, 16), (13, 17), (13, 18), (13, 19), (13, 20), (13, 21), (13, 22), (13, 23)]","[(7, 20), (13, 6), (23, 29), (29, 28)]"
"(28, 10)","(13, 23)",Busca A* (Farmacia),custo_c4,heuristica_euclidiana,345,218,112,"[(28, 10), (27, 10), (26, 10), (25, 10), (24, 10), (23, 10), (22, 10), (21, 10), (20, 10), (19, 10), (18, 10), (17, 10), (16, 10), (15, 10), (14, 10), (13, 10), (13, 9), (13, 8), (13, 7), (13, 6), (13, 7), (13, 8), (13, 9), (13, 10), (13, 11), (13, 12), (13, 13), (13, 14), (13, 15), (13, 16), (13, 17), (13, 18), (13, 19), (13, 20), (13, 21), (13, 22), (13, 23)]","[(7, 20), (13, 6), (23, 29), (29, 28)]"
"(28, 10)","(13, 23)",Busca A* (Farmacia),custo_c4,heuristica_manhattan,345,110,38,"[(28, 10), (28, 9), (28, 8), (28, 7), (28, 6), (27, 6), (26, 6), (25, 6), (24, 6), (23, 6), (22, 6), (21, 6), (20, 6), (19, 6), (18, 6), (17, 6), (16, 6), (15, 6), (14, 6), (13, 6), (13, 7), (13, 8), (13, 9), (13, 10), (13, 11), (13, 12), (13, 13), (13, 14), (13, 15), (13, 16), (13, 17), (13, 18), (13, 19), (13, 20), (13, 21), (13, 22), (13, 23)]","[(7, 20), (13, 6), (23, 29), (29, 28)]"
"(23, 20)","(25, 8)",Busca A* (Farmacia),custo_c1,heuristica_euclidiana,200,156,108,"[(23, 20), (23, 19), (23, 18), (23, 17), (23, 16), (23, 15), (22, 15), (21, 15), (20, 15), (20, 14), (20, 13), (20, 12), (20, 11), (20, 10), (20, 9), (20, 8), (21, 8), (22, 8), (23, 8), (24, 8), (25, 8)]","[(20, 14), (6, 0), (21, 21), (9, 7)]"
"(23, 20)","(25, 8)",Busca A* (Farmacia),custo_c1,heuristica_manhattan,200,74,28,"[(23, 20), (22, 20), (21, 20), (20, 20), (20, 19), (20, 18), (20, 17), (20, 16), (20, 15), (20, 14), (20, 13), (20, 12), (20, 11), (20, 10), (20, 9), (20, 8), (21, 8), (22, 8), (23, 8), (24, 8), (25, 8)]","[(20, 14), (6, 0), (21, 21), (9, 7)]"
"(23, 20)","(25, 8)",Busca A* (Farmacia),custo_c2,heuristica_euclidiana,230,184,106,"[(23, 20), (22, 20), (21, 20), (21, 21), (21, 20), (21, 19), (21, 18), (21, 17), (21, 16), (21, 15), (21, 14), (21, 13), (21, 12), (21, 11), (21, 10), (21, 9), (21, 8), (22, 8), (23, 8), (24, 8), (25, 8)]","[(20, 14), (6, 0), (21, 21), (9, 7)]"
"(23, 20)","(25, 8)",Busca A* (Farmacia),custo_c2,heuristica_manhattan,230,99,40,"[(23, 20), (22, 20), (21, 20), (21, 21), (21, 20), (21, 19), (21, 18), (21, 17), (21, 16), (21, 15), (21, 14), (21, 13), (21, 12), (21, 11), (21, 10), (21, 9), (21, 8), (22, 8), (23, 8), (24, 8), (25, 8)]","[(20, 14), (6, 0), (21, 21), (9, 7)]"
"(23, 20)","(25, 8)",Busca A* (Farmacia),custo_c3,heuristica_euclidiana,213,177,110,"[(23, 20), (23, 19), (23, 18), (23, 17), (23, 16), (23, 15), (23, 14), (22, 14), (21, 14), (20, 14), (20, 13), (20, 12), (20, 11), (20, 10), (20, 9), (21, 9), (22, 9), (23, 9), (24, 9), (25, 9), (25, 8)]","[(20, 14), (6, 0), (21, 21), (9, 7)]"
"(23, 20)","(25, 8)",Busca A* (Farmacia),custo_c3,heuristica_manhattan,215,86,33,"[(23, 20), (23, 21), (22, 21), (21, 21), (21, 20), (21, 19), (21, 18), (21, 17), (21, 16), (21, 15), (21, 14), (21, 13), (21, 12), (21, 11), (21, 10), (21, 9), (21, 8), (22, 8), (23, 8), (24, 8), (25, 8)]","[(20, 14), (6, 0), (21, 21), (9, 7)]"
"(23, 20)","(25, 8)",Busca A* (Farmacia),custo_c4,heuristica_euclidiana,201,96,41,"[(23, 20), (23, 21), (22, 21), (21, 21), (21, 20), (21, 19), (21, 18), (21, 17), (21, 16), (21, 15), (21, 14), (22, 14), (22, 13), (23, 13), (23, 12), (24, 12), (24, 11), (25, 11), (25, 10), (25, 9), (25, 8)]","[(20, 14), (6, 0), (21, 21), (9, 7)]"
"(23, 20)","(25, 8)",Busca A* (Farmacia),custo_c4,heuristica_manhattan,195,64,23,"[(23, 20), (23, 21), (22, 21), (21, 21), (21, 20), (21, 19), (21, 18), (21, 17), (21, 16), (22, 16), (22, 15), (23, 15), (23, 14), (24, 14), (24, 13), (25, 13), (25, 12), (25, 11), (25, 10), (25, 9), (25, 8)]","[(20, 14), (6, 0), (21, 21), (9, 7)]"
"(16, 6)","(22, 2)",Busca A* (Farmacia),custo_c1,heuristica_euclidiana,140,62,34,"[(16, 6), (16, 5), (16, 4), (15, 4), (14, 4), (14, 3), (14, 2), (15, 2), (16, 2), (17, 2), (18, 2), (19, 2), (20, 2), (21, 2), (22, 2)]","[(14, 3), (8, 19), (10, 25), (2, 25)]"
"(16, 6)","(22, 2)",Busca A* (Farmacia),custo_c1,heuristica_manhattan,140,46,17,"[(16, 6), (15, 6), (14, 6), (14, 5), (14, 4), (14, 3), (14, 2), (15, 2), (16, 2), (17, 2), (18, 2), (19, 2), (20, 2), (21, 2), (22, 2)]","[(14, 3), (8, 19), (10, 25), (2, 25)]"
"(16, 6)","(22, 2)",Busca A* (Farmacia),custo_c2,heuristica_euclidiana,190,130,82,"[(16, 6), (16, 5), (16, 4), (16, 3), (15, 3), (14, 3), (14, 2), (15, 2), (16, 2), (17, 2), (18, 2), (19, 2), (20, 2), (21, 2), (22, 2)]","[(14, 3), (8, 19), (10, 25), (2, 25)]"
"(16, 6)","(22, 2)",Busca A* (Farmacia),custo_c2,heuristica_manhattan,190,89,44,"[(16, 6), (16, 5), (16, 4), (16, 3), (15, 3), (14, 3), (14, 2), (15, 2), (16, 2), (17, 2), (18, 2), (19, 2), (20, 2), (21, 2), (22, 2)]","[(14, 3), (8, 19), (10, 25), (2, 25)]"
"(16, 6)","(22, 2)",Busca A* (Farmacia),custo_c3,heuristica_euclidiana,159,99,50,"[(16, 6), (16, 5), (15, 5), (14, 5), (14, 4), (14, 3), (14, 2), (15, 2), (16, 2), (17, 2), (18, 2), (19, 2), (20, 2), (21, 2), (22, 2)]","[(14, 3), (8, 19), (10, 25), (2, 25)]"
"(16, 6)","(22, 2)",Busca A* (Farmacia),custo_c3,heuristica_manhattan,167,55,22,"[(16, 6), (16, 5), (16, 4), (16, 3), (15, 3), (14, 3), (14, 2), (15, 2), (16, 2), (17, 2), (18, 2), (19, 2), (20, 2), (21, 2), (22, 2)]","[(14, 3), (8, 19), (10, 25), (2, 25)]"
"(16, 6)","(22, 2)",Busca A* (Farmacia),custo_c4,heuristica_euclidiana,118,58,23,"[(16, 6), (16, 5), (16, 4), (16, 3), (15, 3), (14, 3), (15, 3), (16, 3), (17, 3), (18, 3), (19, 3), (20, 3), (21, 3), (21, 2), (22, 2)]","[(14, 3), (8, 19), (10, 25), (2, 25)]"
"(16, 6)","(22, 2)",Busca A* (Farmacia),custo_c4,heuristica_manhattan,117,46,17,"[(16, 6), (16, 5), (16, 4), (16, 3), (15, 3), (14, 3), (14, 2), (15, 2), (16, 2), (17, 2), (18, 2), (19, 2), (20, 2), (21, 2), (22, 2)]","[(14, 3), (8, 19), (10, 25), (2, 25)]"
"(23, 3)","(10, 28)",Busca A* (Farmacia),custo_c1,heuristica_euclidiana,380,702,606,"[(23, 3), (22, 3), (21, 3), (21, 4), (21, 5), (21, 6), (21, 7), (21, 8), (21, 9), (20, 9), (19, 9), (18, 9), (17, 9), (16, 9), (15, 9), (14, 9), (13, 9), (12, 9), (11, 9), (10, 9), (10, 10), (10, 11), (10, 12), (10, 13), (10, 14), (10, 15), (10, 16), (10, 17), (10, 18), (10, 19), (10, 20), (10, 21), (10, 22), (10, 23), (10, 24), (10, 25), (10, 26), (10, 27), (10, 28)]","[(26, 21), (6, 20), (21, 9), (16, 5)]"
"(23, 3)","(10, 28)",Busca A* (Farmacia),custo_c1,heuristica_manhattan,380,116,40,"[(23, 3), (22, 3), (21, 3), (21, 4), (21, 5), (21, 6), (21, 7), (21, 8), (21, 9), (20, 9), (19, 9), (18, 9), (17, 9), (16, 9), (15, 9), (14, 9), (13, 9), (12, 9), (11, 9), (10, 9), (10, 10), (10, 11), (10, 12), (10, 13), (10, 14), (10, 15), (10, 16), (10, 17), (10, 18), (10, 19), (10, 20), (10, 21), (10, 22), (10, 23), (10, 24), (10, 25), (10, 26), (10, 27), (10, 28)]","[(26, 21), (6, 20), (21, 9), (16, 5)]"
"(23, 3)","(10, 28)",Busca A* (Farmacia),custo_c2,heuristica_euclidiana,445,845,722,"[(23, 3), (23, 4), (23, 5), (23, 6), (23, 7), (23, 8), (23, 9), (22, 9), (21, 9), (20, 9), (19, 9), (18, 9), (17, 9), (16, 9), (15, 9), (14, 9), (13, 9), (12, 9), (11, 9), (10, 9), (10, 10), (10, 11), (10, 12), (10, 13), (10, 14), (10, 15), (10, 16), (10, 17), (10, 18), (10, 19), (10, 20), (10, 21), (10, 22), (10, 23), (10, 24), (10, 25), (10, 26), (10, 27), (10, 28)]","[(26, 21), (6, 20), (21, 9), (16, 5)]"
"(23, 3)","(10, 28)",Busca A* (Farmacia),custo_c2,heuristica_manhattan,445,671,536,"[(23, 3), (22, 3), (21, 3), (21, 4), (21, 5), (21, 6), (21, 7), (21, 8), (21, 9), (20, 9), (19, 9), (19, 10), (18, 10), (17, 10), (16, 10), (15, 10), (14, 10), (13, 10), (12, 10), (11, 10), (10, 10), (10, 11), (10, 12), (10, 13), (10, 14), (10, 15), (10, 16), (10, 17), (10, 18), (10, 19), (10, 20), (10, 21), (10, 22), (10, 23), (10, 24), (10, 25), (10, 26), (10, 27), (10, 28)]","[(26, 21), (6, 20), (21, 9), (16, 5)]"
"(23, 3)","(10, 28)",Busca A* (Farmacia),custo_c3,heuristica_euclidiana,404,730,574,"[(23, 3), (23, 4), (23, 5), (23, 6), (23, 7), (23, 8), (23, 9), (22, 9), (21, 9), (20, 9), (19, 9), (19, 10), (19, 11), (18, 11), (17, 11), (16, 11), (15, 11), (15, 12), (15, 13), (15, 14), (15, 15), (15, 16), (15, 17), (14, 17), (14, 18), (14, 19), (14, 20), (14, 21), (14, 22), (13, 22), (12, 22), (12, 23), (12, 24), (12, 25), (12, 26), (11, 26), (10, 26), (10, 27), (10, 28)]","[(26, 21), (6, 20), (21, 9), (16, 5)]"
"(23, 3)","(10, 28)",Busca A* (Farmacia),custo_c3,heuristica_manhattan,420,252,129,"[(23, 3), (23, 4), (23, 5), (22, 5), (21, 5), (20, 5), (19, 5), (18, 5), (17, 5), (16, 5), (16, 6), (16, 7), (16, 8), (16, 9), (16, 10), (16, 11), (16, 12), (16, 13), (16, 14), (16, 15), (16, 16), (16, 17), (16, 18), (16, 19), (16, 20), (15, 20), (14, 20), (14, 21), (14, 22), (14, 23), (13, 23), (12, 23), (11, 23), (11, 24), (11, 25), (11, 26), (11, 27), (10, 27), (10, 28)]","[(26, 21), (6, 20), (21, 9), (16, 5)]"
"(23, 3)","(10, 28)",Busca A* (Farmacia),custo_c4,heuristica_euclidiana,370,454,305,"[(23, 3), (23, 4), (23, 5), (23, 6), (23, 7), (23, 8), (22, 8), (21, 8), (21, 9), (21, 10), (21, 11), (21, 12), (21, 13), (21, 14), (21, 15), (21, 16), (20, 16), (20, 17), (19, 17), (19, 18), (18, 18), (17, 18), (16, 18), (15, 18), (15, 19), (15, 20), (15, 21), (15, 22), (15, 23), (14, 23), (14, 24), (13, 24), (12, 24), (11, 24), (10, 24), (10, 25), (10, 26), (10, 27), (10, 28)]","[(26, 21), (6, 20), (21, 9), (16, 5)]"
"(23, 3)","(10, 28)",Busca A* (Farmacia),custo_c4,heuristica_manhattan,382,116,40,"[(23, 3), (23, 4), (23, 5), (22, 5), (21, 5), (20, 5), (19, 5), (18, 5), (17, 5), (16, 5), (16, 6), (16, 7), (16, 8), (16, 9), (15, 9), (14, 9), (13, 9), (12, 9), (11, 9), (10, 9), (10, 10), (10, 11), (10, 12), (10, 13), (10, 14), (10, 15), (10, 16), (10, 17), (10, 18), (10, 19), (10, 20), (10, 21), (10, 22), (10, 23), (10, 24), (10, 25), (10, 26), (10, 27), (10, 28)]","[(26, 21), (6, 20), (21, 9), (16, 5)]"
"(18, 23)","(17, 3)",Busca A* (Farmacia),custo_c1,heuristica_euclidiana,290,97,39,"[(18, 23), (17, 23), (16, 23), (16, 24), (16, 25), (16, 26), (16, 25), (16, 24), (16, 23), (16, 22), (16, 21), (16, 20), (16, 19), (16, 18), (16, 17), (16, 16), (16, 15), (16, 14), (16, 13), (16, 12), (16, 11), (16, 10), (16, 9), (16, 8), (16, 7), (16, 6), (16, 5), (16, 4), (16, 3), (17, 3)]","[(18, 28), (23, 29), (12, 2), (16, 26)]"
"(18, 23)","(17, 3)",Busca A* (Farmacia),custo_c1,heuristica_manhattan,290,89,31,"[(18, 23), (17, 23), (16, 23), (16, 24), (16, 25), (16, 26), (16, 25), (16, 24), (16, 23), (16, 22), (16, 21), (16, 20), (16, 19), (16, 18), (16, 17), (16, 16), (16, 15), (16, 14), (16, 13), (16, 12), (16, 11), (16, 10), (16, 9), (16, 8), (16, 7), (16, 6), (16, 5), (16, 4), (16, 3), (17, 3)]","[(18, 28), (23, 29), (12, 2), (16, 26)]"
"(18, 23)","(17, 3)",Busca A* (Farmacia),custo_c2,heuristica_euclidiana,305,104,39,"[(18, 23), (18, 24), (18, 25), (18, 26), (17, 26), (16, 26), (16, 25), (16, 24), (16, 23), (16, 22), (16, 21), (16, 20), (16, 19), (16, 18), (16, 17), (16, 16), (16, 15), (16, 14), (16, 13), (16, 12), (16, 11), (16, 10), (16, 9), (16, 8), (16, 7), (16, 6), (16, 5), (16, 4), (16, 3), (17, 3)]","[(18, 28), (23, 29), (12, 2), (16, 26)]"
"(18, 23)","(17, 3)",Busca A* (Farmacia),custo_c2,heuristica_manhattan,305,102,39,"[(18, 23), (17, 23), (16, 23), (16, 24), (16, 25), (16, 26), (16, 25), (16, 24), (16, 23), (16, 22), (16, 21), (16, 20), (16, 19), (16, 18), (16, 17), (16, 16), (16, 15), (16, 14), (16, 13), (16, 12), (16, 11), (16, 10), (16, 9), (16, 8), (16, 7), (16, 6), (16, 5), (16, 4), (16, 3), (17, 3)]","[(18, 28), (23, 29), (12, 2), (16, 26)]"
"(18, 23)","(17, 3)",Busca A* (Farmacia),custo_c3,heuristica_euclidiana,296,155,63,"[(18, 23), (18, 24), (17, 24), (16, 24), (16, 25), (16, 26), (16, 25), (16, 24), (16, 23), (16, 22), (16, 21), (16, 20), (16, 19), (16, 18), (16, 17), (16, 16), (16, 15), (16, 14), (16, 13), (16, 12), (16, 11), (16, 10), (16, 9), (16, 8), (16, 7), (16, 6), (17, 6), (17, 5), (17, 4), (17, 3)]","[(18, 28), (23, 29), (12, 2), (16, 26)]"
"(18, 23)","(17, 3)",Busca A* (Farmacia),custo_c3,heuristica_manhattan,304,130,52,"[(18, 23), (18, 24), (18, 25), (18, 26), (17, 26), (16, 26), (16, 25), (16, 24), (16, 23), (16, 22), (16, 21), (16, 20), (16, 19), (16, 18), (16, 17), (16, 16), (16, 15), (16, 14), (16, 13), (16, 12), (16, 11), (16, 10), (16, 9), (16, 8), (16, 7), (16, 6), (17, 6), (17, 5), (17, 4), (17, 3)]","[(18, 28), (23, 29), (12, 2), (16, 26)]"
"(18, 23)","(17, 3)",Busca A* (Farmacia),custo_c4,heuristica_euclidiana,291,99,37,"[(18, 23), (18, 24), (18, 25), (18, 26), (17, 26), (16, 26), (16, 25), (16, 24), (16, 23), (16, 22), (16, 21), (16, 20), (16, 19), (16, 18), (16, 17), (16, 16), (16, 15), (16, 14), (16, 13), (16, 12), (16, 11), (16, 10), (16, 9), (16, 8), (16, 7), (16, 6), (17, 6), (17, 5), (17, 4), (17, 3)]","[(18, 28), (23, 29), (12, 2), (16, 26)]"
"(18, 23)","(17, 3)",Busca A* (Farmacia),custo_c4,heuristica_manhattan,287,89,31,"[(18, 23), (18, 24), (18, 25), (18, 26), (17, 26), (16, 26), (16, 25), (16, 24), (16, 23), (16, 22), (16, 21), (17, 21), (17, 20), (17, 19), (17, 18), (17, 17), (17, 16), (17, 15), (17, 14), (17, 13), (17, 12), (17, 11), (17, 10), (17, 9), (17, 8), (17, 7), (17, 6), (17, 5), (17, 4), (17, 3)]","[(18, 28), (23, 29), (12, 2), (16, 26)]"
"(21, 11)","(4, 7)",Busca A* (Farmacia),custo_c1,heuristica_euclidiana,210,136,88,"[(21, 11), (21, 10), (21, 9), (21, 8), (20, 8), (19, 8), (18, 8), (17, 8), (16, 8), (15, 8), (14, 8), (13, 8), (12, 8), (12, 7), (11, 7), (10, 7), (9, 7), (8, 7), (7, 7), (6, 7), (5, 7), (4, 7)]","[(12, 7), (19, 1), (0, 11), (18, 6)]"
"(21, 11)","(4, 7)",Busca A* (Farmacia),custo_c1,heuristica_manhattan,210,65,23,"[(21, 11), (20, 11), (19, 11), (18, 11), (17, 11), (16, 11), (15, 11), (14, 11), (13, 11), (12, 11), (12, 10), (12, 9), (12, 8), (12, 7), (11, 7), (10, 7), (9, 7), (8, 7), (7, 7), (6, 7), (5, 7), (4, 7)]","[(12, 7), (19, 1), (0, 11), (18, 6)]"
"(21, 11)","(4, 7)",Busca A* (Farmacia),custo_c2,heuristica_euclidiana,295,315,218,"[(21, 11), (20, 11), (19, 11), (18, 11), (18, 10), (17, 10), (16, 10), (16, 9), (16, 8), (15, 8), (15, 7), (14, 7), (13, 7), (12, 7), (11, 7), (10, 7), (9, 7), (8, 7), (7, 7), (6, 7), (5, 7), (4, 7)]","[(12, 7), (19, 1), (0, 11), (18, 6)]"
"(21, 11)","(4, 7)",Busca A* (Farmacia),custo_c2,heuristica_manhattan,295,152,73,"[(21, 11), (21, 10), (21, 9), (21, 8), (21, 7), (20, 7), (19, 7), (18, 7), (17, 7), (16, 7), (15, 7), (14, 7), (13, 7), (12, 7), (11, 7), (10, 7), (9, 7), (8, 7), (7, 7), (6, 7), (5, 7), (4, 7)]","[(12, 7), (19, 1), (0, 11), (18, 6)]"
"(21, 11)","(4, 7)",Busca A* (Farmacia),custo_c3,heuristica_euclidiana,246,208,139,"[(21, 11), (20, 11), (19, 11), (18, 11), (17, 11), (16, 11), (15, 11), (14, 11), (13, 11), (13, 10), (13, 9), (13, 8), (13, 7), (12, 7), (11, 7), (10, 7), (9, 7), (8, 7), (7, 7), (6, 7), (5, 7), (4, 7)]","[(12, 7), (19, 1), (0, 11), (18, 6)]"
"(21, 11)","(4, 7)",Busca A* (Farmacia),custo_c3,heuristica_manhattan,250,121,51,"[(21, 11), (21, 10), (21, 9), (21, 8), (21, 7), (20, 7), (19, 7), (18, 7), (17, 7), (16, 7), (15, 7), (14, 7), (13, 7), (12, 7), (11, 7), (10, 7), (9, 7), (8, 7), (7, 7), (6, 7), (5, 7), (4, 7)]","[(12, 7), (19, 1), (0, 11), (18, 6)]"
"(21, 11)","(4, 7)",Busca A* (Farmacia),custo_c4,heuristica_euclidiana,204,86,35,"[(21, 11), (21, 10), (21, 9), (20, 9), (19, 9), (18, 9), (17, 9), (16, 9), (15, 9), (14, 9), (13, 9), (13, 8), (12, 8), (12, 7), (11, 7), (10, 7), (9, 7), (8, 7), (7, 7), (6, 7), (5, 7), (4, 7)]","[(12, 7), (19, 1), (0, 11), (18, 6)]"
"(21, 11)","(4, 7)",Busca A* (Farmacia),custo_c4,heuristica_manhattan,195,65,23,"[(21, 11), (21, 10), (21, 9), (21, 8), (21, 7), (20, 7), (19, 7), (18, 7), (17, 7), (16, 7), (15, 7), (14, 7), (13, 7), (12, 7), (11, 7), (10, 7), (9, 7), (8, 7), (7, 7), (6, 7), (5, 7), (4, 7)]","[(12, 7), (19, 1), (0, 11), (18, 6)]"
"(10, 27)","(20, 27)",Busca A* (Farmacia),custo_c1,heuristica_euclidiana,220,217,159,"[(10, 27), (10, 26), (10, 25), (10, 24), (10, 23), (10, 22), (10, 21), (11, 21), (12, 21), (13, 21), (14, 21), (15, 21), (16, 21), (17, 21), (18, 21), (19, 21), (20, 21), (20, 22), (20, 23), (20, 24), (20, 25), (20, 26), (20, 27)]","[(16, 21), (22, 8), (20, 2), (0, 5)]"
"(10, 27)","(20, 27)",Busca A* (Farmacia),custo_c1,heuristica_manhattan,220,129,77,"[(10, 27), (10, 26), (10, 25), (10, 24), (10, 23), (10, 22), (10, 21), (11, 21), (12, 21), (13, 21), (14, 21), (15, 21), (16, 21), (17, 21), (18, 21), (19, 21), (20, 21), (20, 22), (20, 23), (20, 24), (20, 25), (20, 26), (20, 27)]","[(16, 21), (22, 8), (20, 2), (0, 5)]"
"(10, 27)","(20, 27)",Busca A* (Farmacia),custo_c2,heuristica_euclidiana,270,258,172,"[(10, 27), (10, 26), (10, 25), (10, 24), (10, 23), (10, 22), (10, 21), (11, 21), (12, 21), (13, 21), (14, 21), (15, 21), (16, 21), (16, 22), (16, 23), (16, 24), (16, 25), (16, 26), (17, 26), (18, 26), (19, 26), (20, 26), (20, 27)]","[(16, 21), (22, 8), (20, 2), (0, 5)]"
"(10, 27)","(20, 27)",Busca A* (Farmacia),custo_c2,heuristica_manhattan,270,213,127,"[(10, 27), (10, 26), (10, 25), (10, 24), (10, 23), (10, 22), (10, 21), (11, 21), (12, 21), (13, 21), (14, 21), (15, 21), (16, 21), (17, 21), (18, 21), (19, 21), (20, 21), (20, 22), (20, 23), (20, 24), (20, 25), (20, 26), (20, 27)]","[(16, 21), (22, 8), (20, 2), (0, 5)]"
"(10, 27)","(20, 27)",Busca A* (Farmacia),custo_c3,heuristica_euclidiana,247,239,164,"[(10, 27), (10, 26), (10, 25), (10, 24), (10, 23), (10, 22), (10, 21), (11, 21), (12, 21), (13, 21), (14, 21), (15, 21), (16, 21), (16, 22), (16, 23), (16, 24), (16, 25), (16, 26), (17, 26), (18, 26), (19, 26), (20, 26), (20, 27)]","[(16, 21), (22, 8), (20, 2), (0, 5)]"
"(10, 27)","(20, 27)",Busca A* (Farmacia),custo_c3,heuristica_manhattan,245,130,57,"[(10, 27), (10, 26), (10, 25), (10, 24), (10, 23), (10, 22), (10, 21), (11, 21), (12, 21), (13, 21), (14, 21), (15, 21), (16, 21), (16, 22), (16, 23), (16, 24), (16, 25), (16, 26), (16, 27), (17, 27), (18, 27), (19, 27), (20, 27)]","[(16, 21), (22, 8), (20, 2), (0, 5)]"
"(10, 27)","(20, 27)",Busca A* (Farmacia),custo_c4,heuristica_euclidiana,212,98,43,"[(10, 27), (10, 26), (10, 25), (10, 24), (10, 23), (11, 23), (12, 23), (13, 23), (14, 23), (14, 22), (15, 22), (15, 21), (16, 21), (16, 22), (16, 23), (16, 24), (16, 25), (17, 25), (18, 25), (18, 26), (19, 26), (19, 27), (20, 27)]","[(16, 21), (22, 8), (20, 2), (0, 5)]"
"(10, 27)","(20, 27)",Busca A* (Farmacia),custo_c4,heuristica_manhattan,199,68,24,"[(10, 27), (10, 26), (10, 25), (10, 24), (10, 23), (10, 22), (11, 22), (11, 21), (12, 21), (13, 21), (14, 21), (15, 21), (16, 21), (16, 22), (16, 23), (16, 24), (16, 25), (16, 26), (17, 26), (17, 27), (18, 27), (19, 27), (20, 27)]","[(16, 21), (22, 8), (20, 2), (0, 5)]"
"(17, 13)","(24, 11)",Busca A* (Farmacia),custo_c1,heuristica_euclidiana,190,158,110,"[(17, 13), (17, 12), (17, 11), (17, 10), (17, 9), (17, 8), (17, 7), (17, 6), (18, 6), (19, 6), (20, 6), (21, 6), (22, 6), (23, 6), (24, 6), (24, 7), (24, 8), (24, 9), (24, 10), (24, 11)]","[(5, 17), (8, 29), (14, 2), (21, 6)]"
"(17, 13)","(24, 11)",Busca A* (Farmacia),custo_c1,heuristica_manhattan,190,104,57,"[(17, 13), (17, 12), (17, 11), (17, 10), (17, 9), (17, 8), (17, 7), (17, 6), (18, 6), (19, 6), (20, 6), (21, 6), (22, 6), (23, 6), (24, 6), (24, 7), (24, 8), (24, 9), (24, 10), (24, 11)]","[(5, 17), (8, 29), (14, 2), (21, 6)]"
"(17, 13)","(24, 11)",Busca A* (Farmacia),custo_c2,heuristica_euclidiana,225,171,100,"[(17, 13), (17, 12), (17, 11), (17, 10), (17, 9), (17, 8), (17, 7), (17, 6), (18, 6), (19, 6), (20, 6), (21, 6), (21, 7), (21, 8), (21, 9), (21, 10), (21, 11), (22, 11), (23, 11), (24, 11)]","[(5, 17), (8, 29), (14, 2), (21, 6)]"
"(17, 13)","(24, 11)",Busca A* (Farmacia),custo_c2,heuristica_manhattan,245,148,82,"[(17, 13), (17, 12), (17, 11), (17, 10), (17, 9), (17, 8), (17, 7), (17, 6), (18, 6), (19, 6), (20, 6), (21, 6), (21, 7), (21, 8), (21, 9), (21, 10), (21, 11), (21, 12), (22, 12), (23, 12), (24, 12), (24, 11)]","[(5, 17), (8, 29), (14, 2), (21, 6)]"
"(17, 13)","(24, 11)",Busca A* (Farmacia),custo_c3,heuristica_euclidiana,207,164,101,"[(17, 13), (17, 12), (17, 11), (17, 10), (17, 9), (17, 8), (17, 7), (18, 7), (19, 7), (20, 7), (21, 7), (21, 6), (21, 7), (21, 8), (21, 9), (21, 10), (21, 11), (22, 11), (23, 11), (24, 11)]","[(5, 17), (8, 29), (14, 2), (21, 6)]"
"(17, 13)","(24, 11)",Busca A* (Farmacia),custo_c3,heuristica_manhattan,209,106,44,"[(17, 13), (17, 12), (17, 11), (17, 10), (17, 9), (17, 8), (17, 7), (17, 6), (18, 6), (19, 6), (20, 6), (21, 6), (21, 7), (21, 8), (21, 9), (21, 10), (21, 11), (22, 11), (23, 11), (24, 11)]","[(5, 17), (8, 29), (14, 2), (21, 6)]"
"(17, 13)","(24, 11)",Busca A* (Farmacia),custo_c4,heuristica_euclidiana,186,80,35,"[(17, 13), (17, 12), (17, 11), (17, 10), (17, 9), (17, 8), (18, 8), (19, 8), (19, 7), (20, 7), (20, 6), (21, 6), (21, 7), (21, 8), (21, 9), (21, 10), (22, 10), (23, 10), (23, 11), (24, 11)]","[(5, 17), (8, 29), (14, 2), (21, 6)]"
"(17, 13)","(24, 11)",Busca A* (Farmacia),custo_c4,heuristica_manhattan,186,59,21,"[(17, 13), (17, 12), (17, 11), (17, 10), (17, 9), (17, 8), (18, 8), (18, 7), (19, 7), (19, 6), (20, 6), (21, 6), (21, 7), (21, 8), (21, 9), (21, 10), (21, 11), (22, 11), (23, 11), (24, 11)]","[(5, 17), (8, 29), (14, 2), (21, 6)]"
"(3, 30)","(25, 8)",Busca A* (Farmacia),custo_c1,heuristica_euclidiana,440,545,479,"[(3, 30), (3, 29), (3, 28), (3, 27), (3, 26), (3, 25), (3, 24), (3, 23), (3, 22), (3, 21), (3, 20), (4, 20), (5, 20), (6, 20), (7, 20), (8, 20), (9, 20), (10, 20), (11, 20), (12, 20), (13, 20), (14, 20), (15, 20), (16, 20), (17, 20), (18, 20), (19, 20), (20, 20), (21, 20), (22, 20), (23, 20), (24, 20), (24, 19), (24, 18), (24, 17), (24, 16), (24, 15), (24, 14), (24, 13), (24, 12), (24, 11), (24, 10), (24, 9), (24, 8), (25, 8)]","[(24, 20), (6, 17), (5, 3), (26, 10)]"
"(3, 30)","(25, 8)",Busca A* (Farmacia),custo_c1,heuristica_manhattan,440,152,56,"[(3, 30), (3, 29), (3, 28), (3, 27), (3, 26), (3, 25), (3, 24), (3, 23), (3, 22), (3, 21), (3, 20), (4, 20), (5, 20), (6, 20), (7, 20), (8, 20), (9, 20), (10, 20), (11, 20), (12, 20), (13, 20), (14, 20), (15, 20), (16, 20), (17, 20), (18, 20), (19, 20), (20, 20), (21, 20), (22, 20), (23, 20), (24, 20), (24, 19), (24, 18), (24, 17), (24, 16), (24, 15), (24, 14), (24, 13), (24, 12), (24, 11), (24, 10), (24, 9), (24, 8), (25, 8)]","[(24, 20), (6, 17), (5, 3), (26, 10)]"
"(3, 30)","(25, 8)",Busca A* (Farmacia),custo_c2,heuristica_euclidiana,550,777,681,"[(3, 30), (3, 29), (3, 28), (3, 27), (3, 26), (3, 25), (3, 24), (3, 23), (3, 22), (3, 21), (3, 20), (4, 20), (5, 20), (6, 20), (7, 20), (8, 20), (9, 20), (10, 20), (11, 20), (12, 20), (13, 20), (14, 20), (15, 20), (16, 20), (17, 20), (18, 20), (19, 20), (20, 20), (21, 20), (22, 20), (23, 20), (24, 20), (24, 19), (24, 18), (24, 17), (24, 16), (24, 15), (24, 14), (24, 13), (24, 12), (24, 11), (24, 10), (24, 9), (24, 8), (25, 8)]","[(24, 20), (6, 17), (5, 3), (26, 10)]"
"(3, 30)","(25, 8)",Busca A* (Farmacia),custo_c2,heuristica_manhattan,550,362,245,"[(3, 30), (3, 29), (3, 28), (3, 27), (3, 26), (3, 25), (3, 24), (3, 23), (3, 22), (3, 21), (3, 20), (4, 20), (5, 20), (6, 20), (7, 20), (8, 20), (9, 20), (10, 20), (11, 20), (12, 20), (13, 20), (14, 20), (15, 20), (16, 20), (17, 20), (18, 20), (19, 20), (20, 20), (21, 20), (22, 20), (23, 20), (24, 20), (24, 19), (24, 18), (24, 17), (24, 16), (24, 15), (24, 14), (24, 13), (24, 12), (24, 11), (24, 10), (24, 9), (24, 8), (25, 8)]","[(24, 20), (6, 17), (5, 3), (26, 10)]"
"(3, 30)","(25, 8)",Busca A* (Farmacia),custo_c3,heuristica_euclidiana,492,871,701,"[(3, 30), (3, 29), (3, 28), (3, 27), (3, 26), (3, 25), (3, 24), (3, 23), (3, 22), (3, 21), (3, 20), (3, 19), (3, 18), (3, 17), (4, 17), (5, 17), (6, 17), (6, 16), (6, 15), (6, 14), (6, 13), (6, 12), (6, 11), (6, 10), (6, 9), (6, 8), (7, 8), (8, 8), (9, 8), (10, 8), (11, 8), (12, 8), (13, 8), (14, 8), (15, 8), (16, 8), (17, 8), (18, 8), (19, 8), (20, 8), (21, 8), (22, 8), (23, 8), (24, 8), (25, 8)]","[(24, 20), (6, 17), (5, 3), (26, 10)]"
"(3, 30)","(25, 8)",Busca A* (Farmacia),custo_c3,heuristica_manhattan,493,504,330,"[(3, 30), (3, 29), (3, 28), (3, 27), (3, 26), (3, 25), (3, 24), (3, 23), (3, 22), (3, 21), (3, 20), (3, 19), (3, 18), (3, 17), (4, 17), (5, 17), (6, 17), (6, 16), (6, 15), (6, 14), (6, 13), (6, 12), (6, 11), (6, 10), (6, 9), (7, 9), (8, 9), (9, 9), (10, 9), (11, 9), (11, 8), (12, 8), (13, 8), (14, 8), (15, 8), (16, 8), (17, 8), (18, 8), (19, 8), (20, 8), (21, 8), (22, 8), (23, 8), (24, 8), (25, 8)]","[(24, 20), (6, 17), (5, 3), (26, 10)]"
"(3, 30)","(25, 8)",Busca A* (Farmacia),custo_c4,heuristica_euclidiana,419,994,873,"[(3, 30), (3, 29), (3, 28), (3, 27), (3, 26), (4, 26), (5, 26), (6, 26), (7, 26), (8, 26), (9, 26), (10, 26), (11, 26), (11, 25), (11, 24), (11, 23), (11, 22), (11, 21), (11, 20), (11, 19), (11, 18), (12, 18), (13, 18), (14, 18), (14, 17), (14, 16), (14, 15), (14, 14), (14, 13), (14, 12), (14, 11), (14, 10), (15, 10), (16, 10), (17, 10), (18, 10), (19, 10), (20, 10), (21, 10), (22, 10), (23, 10), (24, 10), (25, 10), (26, 10), (26, 9), (26, 8), (25, 8)]","[(24, 20), (6, 17), (5, 3), (26, 10)]"
"(3, 30)","(25, 8)",Busca A* (Farmacia),custo_c4,heuristica_manhattan,427,143,51,"[(3, 30), (3, 29), (3, 28), (3, 27), (3, 26), (3, 25), (4, 25), (4, 24), (5, 24), (5, 23), (6, 23), (6, 22), (6, 21), (6, 20), (6, 19), (6, 18), (6, 17), (6, 16), (6, 15), (6, 14), (6, 13), (6, 12), (7, 12), (7, 11), (8, 11), (8, 10), (9, 10), (9, 9), (10, 9), (10, 8), (11, 8), (12, 8), (13, 8), (14, 8), (15, 8), (16, 8), (17, 8), (18, 8), (19, 8), (20, 8), (21, 8), (22, 8), (23, 8), (24, 8), (25, 8)]","[(24, 20), (6, 17), (5, 3), (26, 10)]"
"(14, 3)","(1, 6)",Busca A* (Farmacia),custo_c1,heuristica_euclidiana,160,79,45,"[(14, 3), (13, 3), (12, 3), (11, 3), (10, 3), (10, 4), (9, 4), (8, 4), (7, 4), (6, 4), (5, 4), (4, 4), (3, 4), (2, 4), (1, 4), (1, 5), (1, 6)]","[(10, 4), (2, 6), (10, 23), (12, 8)]"
"(14, 3)","(1, 6)",Busca A* (Farmacia),custo_c1,heuristica_manhattan,160,50,18,"[(14, 3), (13, 3), (12, 3), (11, 3), (10, 3), (10, 4), (9, 4), (8, 4), (7, 4), (6, 4), (5, 4), (4, 4), (3, 4), (2, 4), (1, 4), (1, 5), (1, 6)]","[(10, 4), (2, 6), (10, 23), (12, 8)]"
"(14, 3)","(1, 6)",Busca A* (Farmacia),custo_c2,heuristica_euclidiana,225,217,147,"[(14, 3), (13, 3), (12, 3), (11, 3), (10, 3), (10, 4), (9, 4), (8, 4), (7, 4), (6, 4), (5, 4), (4, 4), (3, 4), (2, 4), (1, 4), (1, 5), (1, 6)]","[(10, 4), (2, 6), (10, 23), (12, 8)]"
"(14, 3)","(1, 6)",Busca A* (Farmacia),custo_c2,heuristica_manhattan,225,149,93,"[(14, 3), (13, 3), (12, 3), (12, 4), (11, 4), (10, 4), (9, 4), (8, 4), (8, 5), (7, 5), (6, 5), (5, 5), (4, 5), (3, 5), (2, 5), (1, 5), (1, 6)]","[(10, 4), (2, 6), (10, 23), (12, 8)]"
"(14, 3)","(1, 6)",Busca A* (Farmacia),custo_c3,heuristica_euclidiana,186,151,98,"[(14, 3), (13, 3), (12, 3), (11, 3), (10, 3), (10, 4), (10, 5), (9, 5), (8, 5), (7, 5), (6, 5), (5, 5), (4, 5), (3, 5), (2, 5), (1, 5), (1, 6)]","[(10, 4), (2, 6), (10, 23), (12, 8)]"
"(14, 3)","(1, 6)",Busca A* (Farmacia),custo_c3,heuristica_manhattan,187,75,29,"[(14, 3), (14, 4), (13, 4), (12, 4), (11, 4), (10, 4), (10, 5), (10, 6), (9, 6), (8, 6), (7, 6), (6, 6), (5, 6), (4, 6), (3, 6), (2, 6), (1, 6)]","[(10, 4), (2, 6), (10, 23), (12, 8)]"
"(14, 3)","(1, 6)",Busca A* (Farmacia),custo_c4,heuristica_euclidiana,142,69,26,"[(14, 3), (14, 4), (13, 4), (12, 4), (11, 4), (10, 4), (9, 4), (8, 4), (7, 4), (6, 4), (5, 4), (4, 4), (3, 4), (2, 4), (2, 5), (1, 5), (1, 6)]","[(10, 4), (2, 6), (10, 23), (12, 8)]"
"(14, 3)","(1, 6)",Busca A* (Farmacia),custo_c4,heuristica_manhattan,137,50,18,"[(14, 3), (14, 4), (14, 5), (14, 6), (13, 6), (12, 6), (11, 6), (10, 6), (9, 6), (8, 6), (7, 6), (6, 6), (5, 6), (4, 6), (3, 6), (2, 6), (1, 6)]","[(10, 4), (2, 6), (10, 23), (12, 8)]"
"(19, 28)","(21, 23)",Busca A* (Farmacia),custo_c1,heuristica_euclidiana,130,65,35,"[(19, 28), (19, 27), (19, 26), (19, 25), (19, 24), (18, 24), (17, 24), (16, 24), (16, 23), (17, 23), (18, 23), (19, 23), (20, 23), (21, 23)]","[(16, 23), (6, 9), (26, 11), (30, 24)]"
"(19, 28)","(21, 23)",Busca A* (Farmacia),custo_c1,heuristica_manhattan,130,41,15,"[(19, 28), (18, 28), (17, 28), (16, 28), (16, 27), (16, 26), (16, 25), (16, 24), (16, 23), (17, 23), (18, 23), (19, 23), (20, 23), (21, 23)]","[(16, 23), (6, 9), (26, 11), (30, 24)]"
"(19, 28)","(21, 23)",Busca A* (Farmacia),custo_c2,heuristica_euclidiana,170,112,59,"[(19, 28), (18, 28), (17, 28), (17, 27), (17, 26), (17, 25), (17, 24), (17, 23), (16, 23), (17, 23), (18, 23), (19, 23), (20, 23), (21, 23)]","[(16, 23), (6, 9), (26, 11), (30, 24)]"
"(19, 28)","(21, 23)",Busca A* (Farmacia),custo_c2,heuristica_manhattan,170,64,25,"[(19, 28), (19, 27), (19, 26), (19, 25), (19, 24), (19, 23), (18, 23), (17, 23), (16, 23), (17, 23), (18, 23), (19, 23), (20, 23), (21, 23)]","[(16, 23), (6, 9), (26, 11), (30, 24)]"
"(19, 28)","(21, 23)",Busca A* (Farmacia),custo_c3,heuristica_euclidiana,150,77,39,"[(19, 28), (19, 27), (19, 26), (19, 25), (19, 24), (19, 23), (18, 23), (17, 23), (16, 23), (17, 23), (18, 23), (19, 23), (20, 23), (21, 23)]","[(16, 23), (6, 9), (26, 11), (30, 24)]"
"(19, 28)","(21, 23)",Busca A* (Farmacia),custo_c3,heuristica_manhattan,150,54,22,"[(19, 28), (19, 27), (19, 26), (19, 25), (19, 24), (19, 23), (18, 23), (17, 23), (16, 23), (17, 23), (18, 23), (19, 23), (20, 23), (21, 23)]","[(16, 23), (6, 9), (26, 11), (30, 24)]"
"(19, 28)","(21, 23)",Busca A* (Farmacia),custo_c4,heuristica_euclidiana,109,52,22,"[(19, 28), (19, 27), (19, 26), (19, 25), (19, 24), (18, 24), (17, 24), (16, 24), (16, 23), (17, 23), (18, 23), (19, 23), (20, 23), (21, 23)]","[(16, 23), (6, 9), (26, 11), (30, 24)]"
"(19, 28)","(21, 23)",Busca A* (Farmacia),custo_c4,heuristica_manhattan,109,41,15,"[(19, 28), (19, 27), (19, 26), (19, 25), (19, 24), (18, 24), (17, 24), (16, 24), (16, 23), (17, 23), (18, 23), (19, 23), (20, 23), (21, 23)]","[(16, 23), (6, 9), (26, 11), (30, 24)]"
"(9, 17)","(20, 7)",Busca A* (Farmacia),custo_c1,heuristica_euclidiana,290,459,385,"[(9, 17), (10, 17), (10, 18), (10, 19), (10, 20), (10, 21), (10, 20), (10, 19), (10, 18), (10, 17), (10, 16), (10, 15), (10, 14), (10, 13), (10, 12), (10, 11), (10, 10), (10, 9), (10, 8), (10, 7), (11, 7), (12, 7), (13, 7), (14, 7), (15, 7), (16, 7), (17, 7), (18, 7), (19, 7), (20, 7)]","[(28, 2), (25, 7), (10, 21), (0, 22)]"
"(9, 17)","(20, 7)",Busca A* (Farmacia),custo_c1,heuristica_manhattan,290,126,52,"[(9, 17), (10, 17), (10, 18), (10, 19), (10, 20), (10, 21), (10, 20), (10, 19), (10, 18), (10, 17), (10, 16), (10, 15), (10, 14), (10, 13), (10, 12), (10, 11), (10, 10), (10, 9), (10, 8), (10, 7), (11, 7), (12, 7), (13, 7), (14, 7), (15, 7), (16, 7), (17, 7), (18, 7), (19, 7), (20, 7)]","[(28, 2), (25, 7), (10, 21), (0, 22)]"
"(9, 17)","(20, 7)",Busca A* (Farmacia),custo_c2,heuristica_euclidiana,345,571,447,"[(9, 17), (10, 17), (10, 18), (10, 19), (10, 20), (10, 21), (10, 20), (10, 19), (10, 18), (10, 17), (10, 16), (10, 15), (10, 14), (10, 13), (10, 12), (10, 11), (10, 10), (10, 9), (10, 8), (10, 7), (11, 7), (12, 7), (13, 7), (14, 7), (15, 7), (16, 7), (17, 7), (18, 7), (19, 7), (20, 7)]","[(28, 2), (25, 7), (10, 21), (0, 22)]"
"(9, 17)","(20, 7)",Busca A* (Farmacia),custo_c2,heuristica_manhattan,345,345,160,"[(9, 17), (10, 17), (10, 18), (10, 19), (10, 20), (10, 21), (10, 20), (10, 19), (10, 18), (10, 17), (10, 16), (10, 15), (10, 14), (10, 13), (10, 12), (10, 11), (10, 10), (10, 9), (10, 8), (10, 7), (11, 7), (12, 7), (13, 7), (14, 7), (15, 7), (16, 7), (17, 7), (18, 7), (19, 7), (20, 7)]","[(28, 2), (25, 7), (10, 21), (0, 22)]"
"(9, 17)","(20, 7)",Busca A* (Farmacia),custo_c3,heuristica_euclidiana,319,499,399,"[(9, 17), (9, 18), (9, 19), (9, 20), (9, 21), (10, 21), (10, 20), (10, 19), (10, 18), (10, 17), (10, 16), (10, 15), (10, 14), (10, 13), (10, 12), (10, 11), (10, 10), (10, 9), (10, 8), (11, 8), (12, 8), (13, 8), (14, 8), (15, 8), (16, 8), (17, 8), (18, 8), (19, 8), (20, 8), (20, 7)]","[(28, 2), (25, 7), (10, 21), (0, 22)]"
"(9, 17)","(20, 7)",Busca A* (Farmacia),custo_c3,heuristica_manhattan,317,296,144,"[(9, 17), (9, 18), (9, 19), (9, 20), (9, 21), (10, 21), (10, 20), (10, 19), (10, 18), (10, 17), (10, 16), (10, 15), (10, 14), (10, 13), (10, 12), (10, 11), (10, 10), (10, 9), (10, 8), (10, 7), (11, 7), (12, 7), (13, 7), (14, 7), (15, 7), (16, 7), (17, 7), (18, 7), (19, 7), (20, 7)]","[(28, 2), (25, 7), (10, 21), (0, 22)]"
"(9, 17)","(20, 7)",Busca A* (Farmacia),custo_c4,heuristica_euclidiana,285,315,214,"[(9, 17), (9, 18), (9, 19), (9, 20), (9, 21), (10, 21), (10, 20), (10, 19), (10, 18), (10, 17), (10, 16), (10, 15), (11, 15), (12, 15), (12, 14), (13, 14), (13, 13), (14, 13), (14, 12), (14, 11), (14, 10), (14, 9), (14, 8), (15, 8), (16, 8), (17, 8), (18, 8), (19, 8), (19, 7), (20, 7)]","[(28, 2), (25, 7), (10, 21), (0, 22)]"
"(9, 17)","(20, 7)",Busca A* (Farmacia),custo_c4,heuristica_manhattan,301,122,53,"[(9, 17), (9, 18), (9, 19), (9, 20), (9, 21), (10, 21), (10, 20), (10, 19), (10, 18), (10, 17), (10, 16), (11, 16), (11, 15), (12, 15), (12, 14), (13, 14), (13, 13), (14, 13), (14, 12), (15, 12), (16, 12), (16, 11), (16, 10), (16, 9), (16, 8), (16, 7), (17, 7), (18, 7), (19, 7), (20, 7)]","[(28, 2), (25, 7), (10, 21), (0, 22)]"
